Belgium,Actual Load (MW)
2017-12-01 00:00:00+01:00,10616
2017-12-01 00:15:00+01:00,10409
2017-12-01 00:30:00+01:00,10546
2017-12-01 00:45:00+01:00,10613
2017-12-01 01:00:00+01:00,10210
2017-12-01 01:15:00+01:00,10103
2017-12-01 01:30:00+01:00,9981
2017-12-01 01:45:00+01:00,9940
2017-12-01 02:00:00+01:00,9924
2017-12-01 02:15:00+01:00,9873
2017-12-01 02:30:00+01:00,9818
2017-12-01 02:45:00+01:00,9614
2017-12-01 03:00:00+01:00,9719
2017-12-01 03:15:00+01:00,9705
2017-12-01 03:30:00+01:00,9735
2017-12-01 03:45:00+01:00,9567
2017-12-01 04:00:00+01:00,9556
2017-12-01 04:15:00+01:00,9654
2017-12-01 04:30:00+01:00,9688
2017-12-01 04:45:00+01:00,9745
2017-12-01 05:00:00+01:00,9757
2017-12-01 05:15:00+01:00,9916
2017-12-01 05:30:00+01:00,9987
2017-12-01 05:45:00+01:00,10103
2017-12-01 06:00:00+01:00,10435
2017-12-01 06:15:00+01:00,10833
2017-12-01 06:30:00+01:00,11225
2017-12-01 06:45:00+01:00,11487
2017-12-01 07:00:00+01:00,11682
2017-12-01 07:15:00+01:00,11921
2017-12-01 07:30:00+01:00,12094
2017-12-01 07:45:00+01:00,12194
2017-12-01 08:00:00+01:00,12253
2017-12-01 08:15:00+01:00,12166
2017-12-01 08:30:00+01:00,12291
2017-12-01 08:45:00+01:00,12378
2017-12-01 09:00:00+01:00,12544
2017-12-01 09:15:00+01:00,12449
2017-12-01 09:30:00+01:00,12412
2017-12-01 09:45:00+01:00,12472
2017-12-01 10:00:00+01:00,12477
2017-12-01 10:15:00+01:00,12465
2017-12-01 10:30:00+01:00,12481
2017-12-01 10:45:00+01:00,12490
2017-12-01 11:00:00+01:00,12425
2017-12-01 11:15:00+01:00,12480
2017-12-01 11:30:00+01:00,12483
2017-12-01 11:45:00+01:00,12419
2017-12-01 12:00:00+01:00,12248
2017-12-01 12:15:00+01:00,12098
2017-12-01 12:30:00+01:00,12053
2017-12-01 12:45:00+01:00,11987
2017-12-01 13:00:00+01:00,12006
2017-12-01 13:15:00+01:00,11990
2017-12-01 13:30:00+01:00,11994
2017-12-01 13:45:00+01:00,11964
2017-12-01 14:00:00+01:00,11943
2017-12-01 14:15:00+01:00,11943
2017-12-01 14:30:00+01:00,11810
2017-12-01 14:45:00+01:00,11747
2017-12-01 15:00:00+01:00,11893
2017-12-01 15:15:00+01:00,11795
2017-12-01 15:30:00+01:00,11798
2017-12-01 15:45:00+01:00,11764
2017-12-01 16:00:00+01:00,11622
2017-12-01 16:15:00+01:00,12298
2017-12-01 16:30:00+01:00,12160
2017-12-01 16:45:00+01:00,12156
2017-12-01 17:00:00+01:00,12203
2017-12-01 17:15:00+01:00,12564
2017-12-01 17:30:00+01:00,12702
2017-12-01 17:45:00+01:00,12392
2017-12-01 18:00:00+01:00,12576
2017-12-01 18:15:00+01:00,12472
2017-12-01 18:30:00+01:00,12292
2017-12-01 18:45:00+01:00,12145
2017-12-01 19:00:00+01:00,12095
2017-12-01 19:15:00+01:00,12007
2017-12-01 19:30:00+01:00,11801
2017-12-01 19:45:00+01:00,11660
2017-12-01 20:00:00+01:00,11447
2017-12-01 20:15:00+01:00,11209
2017-12-01 20:30:00+01:00,11110
2017-12-01 20:45:00+01:00,11180
2017-12-01 21:00:00+01:00,11088
2017-12-01 21:15:00+01:00,10919
2017-12-01 21:30:00+01:00,10853
2017-12-01 21:45:00+01:00,10743
2017-12-01 22:00:00+01:00,10856
2017-12-01 22:15:00+01:00,10997
2017-12-01 22:30:00+01:00,11038
2017-12-01 22:45:00+01:00,11002
2017-12-01 23:00:00+01:00,11082
2017-12-01 23:15:00+01:00,11006
2017-12-01 23:30:00+01:00,10904
2017-12-01 23:45:00+01:00,10756
2017-12-02 00:00:00+01:00,10640
2017-12-02 00:15:00+01:00,10487
2017-12-02 00:30:00+01:00,10362
2017-12-02 00:45:00+01:00,10191
2017-12-02 01:00:00+01:00,10090
2017-12-02 01:15:00+01:00,9927
2017-12-02 01:30:00+01:00,9792
2017-12-02 01:45:00+01:00,9684
2017-12-02 02:00:00+01:00,9537
2017-12-02 02:15:00+01:00,9481
2017-12-02 02:30:00+01:00,9412
2017-12-02 02:45:00+01:00,9347
2017-12-02 03:00:00+01:00,9251
2017-12-02 03:15:00+01:00,9233
2017-12-02 03:30:00+01:00,9170
2017-12-02 03:45:00+01:00,9103
2017-12-02 04:00:00+01:00,9159
2017-12-02 04:15:00+01:00,9141
2017-12-02 04:30:00+01:00,9117
2017-12-02 04:45:00+01:00,9123
2017-12-02 05:00:00+01:00,9085
2017-12-02 05:15:00+01:00,9114
2017-12-02 05:30:00+01:00,9126
2017-12-02 05:45:00+01:00,9178
2017-12-02 06:00:00+01:00,9319
2017-12-02 06:15:00+01:00,9440
2017-12-02 06:30:00+01:00,9506
2017-12-02 06:45:00+01:00,9588
2017-12-02 07:00:00+01:00,9632
2017-12-02 07:15:00+01:00,9772
2017-12-02 07:30:00+01:00,9910
2017-12-02 07:45:00+01:00,10040
2017-12-02 08:00:00+01:00,10318
2017-12-02 08:15:00+01:00,10398
2017-12-02 08:30:00+01:00,10546
2017-12-02 08:45:00+01:00,10612
2017-12-02 09:00:00+01:00,10836
2017-12-02 09:15:00+01:00,11037
2017-12-02 09:30:00+01:00,11136
2017-12-02 09:45:00+01:00,11159
2017-12-02 10:00:00+01:00,11241
2017-12-02 10:15:00+01:00,11273
2017-12-02 10:30:00+01:00,11323
2017-12-02 10:45:00+01:00,11296
2017-12-02 11:00:00+01:00,11308
2017-12-02 11:15:00+01:00,11463
2017-12-02 11:30:00+01:00,11527
2017-12-02 11:45:00+01:00,11541
2017-12-02 12:00:00+01:00,11531
2017-12-02 12:15:00+01:00,11442
2017-12-02 12:30:00+01:00,11385
2017-12-02 12:45:00+01:00,11343
2017-12-02 13:00:00+01:00,11235
2017-12-02 13:15:00+01:00,11205
2017-12-02 13:30:00+01:00,11267
2017-12-02 13:45:00+01:00,11205
2017-12-02 14:00:00+01:00,11175
2017-12-02 14:15:00+01:00,11047
2017-12-02 14:30:00+01:00,11077
2017-12-02 14:45:00+01:00,10992
2017-12-02 15:00:00+01:00,10970
2017-12-02 15:15:00+01:00,11085
2017-12-02 15:30:00+01:00,11038
2017-12-02 15:45:00+01:00,11037
2017-12-02 16:00:00+01:00,11105
2017-12-02 16:15:00+01:00,11134
2017-12-02 16:30:00+01:00,11239
2017-12-02 16:45:00+01:00,11354
2017-12-02 17:00:00+01:00,11669
2017-12-02 17:15:00+01:00,11761
2017-12-02 17:30:00+01:00,11847
2017-12-02 17:45:00+01:00,11849
2017-12-02 18:00:00+01:00,11861
2017-12-02 18:15:00+01:00,11916
2017-12-02 18:30:00+01:00,11868
2017-12-02 18:45:00+01:00,11707
2017-12-02 19:00:00+01:00,11576
2017-12-02 19:15:00+01:00,11470
2017-12-02 19:30:00+01:00,11361
2017-12-02 19:45:00+01:00,11219
2017-12-02 20:00:00+01:00,11149
2017-12-02 20:15:00+01:00,10908
2017-12-02 20:30:00+01:00,10883
2017-12-02 20:45:00+01:00,10669
2017-12-02 21:00:00+01:00,10601
2017-12-02 21:15:00+01:00,10536
2017-12-02 21:30:00+01:00,10415
2017-12-02 21:45:00+01:00,10325
2017-12-02 22:00:00+01:00,10451
2017-12-02 22:15:00+01:00,10628
2017-12-02 22:30:00+01:00,10658
2017-12-02 22:45:00+01:00,10594
2017-12-02 23:00:00+01:00,10659
2017-12-02 23:15:00+01:00,10633
2017-12-02 23:30:00+01:00,10538
2017-12-02 23:45:00+01:00,10397
2017-12-03 00:00:00+01:00,10357
2017-12-03 00:15:00+01:00,10206
2017-12-03 00:30:00+01:00,10191
2017-12-03 00:45:00+01:00,10077
2017-12-03 01:00:00+01:00,9976
2017-12-03 01:15:00+01:00,9778
2017-12-03 01:30:00+01:00,9610
2017-12-03 01:45:00+01:00,9506
2017-12-03 02:00:00+01:00,9509
2017-12-03 02:15:00+01:00,9385
2017-12-03 02:30:00+01:00,9350
2017-12-03 02:45:00+01:00,9309
2017-12-03 03:00:00+01:00,9311
2017-12-03 03:15:00+01:00,9170
2017-12-03 03:30:00+01:00,9081
2017-12-03 03:45:00+01:00,9006
2017-12-03 04:00:00+01:00,9062
2017-12-03 04:15:00+01:00,9005
2017-12-03 04:30:00+01:00,9016
2017-12-03 04:45:00+01:00,8989
2017-12-03 05:00:00+01:00,8993
2017-12-03 05:15:00+01:00,8980
2017-12-03 05:30:00+01:00,8877
2017-12-03 05:45:00+01:00,8936
2017-12-03 06:00:00+01:00,9022
2017-12-03 06:15:00+01:00,9055
2017-12-03 06:30:00+01:00,9200
2017-12-03 06:45:00+01:00,9166
2017-12-03 07:00:00+01:00,9068
2017-12-03 07:15:00+01:00,9108
2017-12-03 07:30:00+01:00,9312
2017-12-03 07:45:00+01:00,9431
2017-12-03 08:00:00+01:00,9570
2017-12-03 08:15:00+01:00,9600
2017-12-03 08:30:00+01:00,9639
2017-12-03 08:45:00+01:00,9789
2017-12-03 09:00:00+01:00,10006
2017-12-03 09:15:00+01:00,10191
2017-12-03 09:30:00+01:00,10372
2017-12-03 09:45:00+01:00,10428
2017-12-03 10:00:00+01:00,10674
2017-12-03 10:15:00+01:00,10721
2017-12-03 10:30:00+01:00,10851
2017-12-03 10:45:00+01:00,10934
2017-12-03 11:00:00+01:00,10909
2017-12-03 11:15:00+01:00,11009
2017-12-03 11:30:00+01:00,11114
2017-12-03 11:45:00+01:00,11233
2017-12-03 12:00:00+01:00,11302
2017-12-03 12:15:00+01:00,11223
2017-12-03 12:30:00+01:00,11258
2017-12-03 12:45:00+01:00,11232
2017-12-03 13:00:00+01:00,11080
2017-12-03 13:15:00+01:00,11091
2017-12-03 13:30:00+01:00,10978
2017-12-03 13:45:00+01:00,10876
2017-12-03 14:00:00+01:00,10711
2017-12-03 14:15:00+01:00,10810
2017-12-03 14:30:00+01:00,10730
2017-12-03 14:45:00+01:00,10651
2017-12-03 15:00:00+01:00,10535
2017-12-03 15:15:00+01:00,10644
2017-12-03 15:30:00+01:00,10585
2017-12-03 15:45:00+01:00,10565
2017-12-03 16:00:00+01:00,10539
2017-12-03 16:15:00+01:00,10678
2017-12-03 16:30:00+01:00,10806
2017-12-03 16:45:00+01:00,10908
2017-12-03 17:00:00+01:00,11045
2017-12-03 17:15:00+01:00,11143
2017-12-03 17:30:00+01:00,11326
2017-12-03 17:45:00+01:00,11328
2017-12-03 18:00:00+01:00,11373
2017-12-03 18:15:00+01:00,11446
2017-12-03 18:30:00+01:00,11403
2017-12-03 18:45:00+01:00,11371
2017-12-03 19:00:00+01:00,11279
2017-12-03 19:15:00+01:00,11196
2017-12-03 19:30:00+01:00,11156
2017-12-03 19:45:00+01:00,10977
2017-12-03 20:00:00+01:00,10958
2017-12-03 20:15:00+01:00,11034
2017-12-03 20:30:00+01:00,10943
2017-12-03 20:45:00+01:00,10662
2017-12-03 21:00:00+01:00,10514
2017-12-03 21:15:00+01:00,10439
2017-12-03 21:30:00+01:00,10364
2017-12-03 21:45:00+01:00,10214
2017-12-03 22:00:00+01:00,10244
2017-12-03 22:15:00+01:00,10390
2017-12-03 22:30:00+01:00,10437
2017-12-03 22:45:00+01:00,10426
2017-12-03 23:00:00+01:00,10581
2017-12-03 23:15:00+01:00,10431
2017-12-03 23:30:00+01:00,10178
2017-12-03 23:45:00+01:00,10107
2017-12-04 00:00:00+01:00,9884
2017-12-04 00:15:00+01:00,9728
2017-12-04 00:30:00+01:00,9594
2017-12-04 00:45:00+01:00,9415
2017-12-04 01:00:00+01:00,9508
2017-12-04 01:15:00+01:00,9361
2017-12-04 01:30:00+01:00,9340
2017-12-04 01:45:00+01:00,9144
2017-12-04 02:00:00+01:00,9021
2017-12-04 02:15:00+01:00,9045
2017-12-04 02:30:00+01:00,8937
2017-12-04 02:45:00+01:00,8937
2017-12-04 03:00:00+01:00,8863
2017-12-04 03:15:00+01:00,8843
2017-12-04 03:30:00+01:00,8883
2017-12-04 03:45:00+01:00,8913
2017-12-04 04:00:00+01:00,8899
2017-12-04 04:15:00+01:00,8971
2017-12-04 04:30:00+01:00,8959
2017-12-04 04:45:00+01:00,9050
2017-12-04 05:00:00+01:00,9209
2017-12-04 05:15:00+01:00,9288
2017-12-04 05:30:00+01:00,9464
2017-12-04 05:45:00+01:00,9693
2017-12-04 06:00:00+01:00,10201
2017-12-04 06:15:00+01:00,10640
2017-12-04 06:30:00+01:00,10989
2017-12-04 06:45:00+01:00,11199
2017-12-04 07:00:00+01:00,11467
2017-12-04 07:15:00+01:00,11764
2017-12-04 07:30:00+01:00,11926
2017-12-04 07:45:00+01:00,12099
2017-12-04 08:00:00+01:00,12183
2017-12-04 08:15:00+01:00,12162
2017-12-04 08:30:00+01:00,12146
2017-12-04 08:45:00+01:00,12174
2017-12-04 09:00:00+01:00,12245
2017-12-04 09:15:00+01:00,12280
2017-12-04 09:30:00+01:00,12242
2017-12-04 09:45:00+01:00,12238
2017-12-04 10:00:00+01:00,12333
2017-12-04 10:15:00+01:00,12299
2017-12-04 10:30:00+01:00,12314
2017-12-04 10:45:00+01:00,12317
2017-12-04 11:00:00+01:00,12313
2017-12-04 11:15:00+01:00,12406
2017-12-04 11:30:00+01:00,12457
2017-12-04 11:45:00+01:00,12393
2017-12-04 12:00:00+01:00,12212
2017-12-04 12:15:00+01:00,12075
2017-12-04 12:30:00+01:00,12171
2017-12-04 12:45:00+01:00,12177
2017-12-04 13:00:00+01:00,12183
2017-12-04 13:15:00+01:00,12149
2017-12-04 13:30:00+01:00,12112
2017-12-04 13:45:00+01:00,12068
2017-12-04 14:00:00+01:00,11999
2017-12-04 14:15:00+01:00,11962
2017-12-04 14:30:00+01:00,11996
2017-12-04 14:45:00+01:00,11952
2017-12-04 15:00:00+01:00,11977
2017-12-04 15:15:00+01:00,11914
2017-12-04 15:30:00+01:00,12007
2017-12-04 15:45:00+01:00,12018
2017-12-04 16:00:00+01:00,12120
2017-12-04 16:15:00+01:00,12148
2017-12-04 16:30:00+01:00,12193
2017-12-04 16:45:00+01:00,12422
2017-12-04 17:00:00+01:00,12636
2017-12-04 17:15:00+01:00,12803
2017-12-04 17:30:00+01:00,12929
2017-12-04 17:45:00+01:00,12891
2017-12-04 18:00:00+01:00,12724
2017-12-04 18:15:00+01:00,12691
2017-12-04 18:30:00+01:00,12662
2017-12-04 18:45:00+01:00,12605
2017-12-04 19:00:00+01:00,12463
2017-12-04 19:15:00+01:00,12256
2017-12-04 19:30:00+01:00,11976
2017-12-04 19:45:00+01:00,11965
2017-12-04 20:00:00+01:00,11908
2017-12-04 20:15:00+01:00,11726
2017-12-04 20:30:00+01:00,11593
2017-12-04 20:45:00+01:00,11228
2017-12-04 21:00:00+01:00,11223
2017-12-04 21:15:00+01:00,11105
2017-12-04 21:30:00+01:00,10924
2017-12-04 21:45:00+01:00,10619
2017-12-04 22:00:00+01:00,10805
2017-12-04 22:15:00+01:00,11006
2017-12-04 22:30:00+01:00,11082
2017-12-04 22:45:00+01:00,10952
2017-12-04 23:00:00+01:00,11026
2017-12-04 23:15:00+01:00,10988
2017-12-04 23:30:00+01:00,10635
2017-12-04 23:45:00+01:00,10428
2017-12-05 00:00:00+01:00,10337
2017-12-05 00:15:00+01:00,10274
2017-12-05 00:30:00+01:00,10119
2017-12-05 00:45:00+01:00,9951
2017-12-05 01:00:00+01:00,9826
2017-12-05 01:15:00+01:00,9705
2017-12-05 01:30:00+01:00,9546
2017-12-05 01:45:00+01:00,9424
2017-12-05 02:00:00+01:00,9386
2017-12-05 02:15:00+01:00,9299
2017-12-05 02:30:00+01:00,9324
2017-12-05 02:45:00+01:00,9217
2017-12-05 03:00:00+01:00,9230
2017-12-05 03:15:00+01:00,9232
2017-12-05 03:30:00+01:00,9265
2017-12-05 03:45:00+01:00,9248
2017-12-05 04:00:00+01:00,9185
2017-12-05 04:15:00+01:00,9204
2017-12-05 04:30:00+01:00,9241
2017-12-05 04:45:00+01:00,9446
2017-12-05 05:00:00+01:00,9616
2017-12-05 05:15:00+01:00,9736
2017-12-05 05:30:00+01:00,9853
2017-12-05 05:45:00+01:00,10023
2017-12-05 06:00:00+01:00,10352
2017-12-05 06:15:00+01:00,10789
2017-12-05 06:30:00+01:00,11110
2017-12-05 06:45:00+01:00,11377
2017-12-05 07:00:00+01:00,11568
2017-12-05 07:15:00+01:00,11924
2017-12-05 07:30:00+01:00,12066
2017-12-05 07:45:00+01:00,12182
2017-12-05 08:00:00+01:00,12114
2017-12-05 08:15:00+01:00,12123
2017-12-05 08:30:00+01:00,12209
2017-12-05 08:45:00+01:00,12181
2017-12-05 09:00:00+01:00,12268
2017-12-05 09:15:00+01:00,12279
2017-12-05 09:30:00+01:00,12401
2017-12-05 09:45:00+01:00,12433
2017-12-05 10:00:00+01:00,12244
2017-12-05 10:15:00+01:00,12317
2017-12-05 10:30:00+01:00,12373
2017-12-05 10:45:00+01:00,12471
2017-12-05 11:00:00+01:00,12390
2017-12-05 11:15:00+01:00,12352
2017-12-05 11:30:00+01:00,12434
2017-12-05 11:45:00+01:00,12391
2017-12-05 12:00:00+01:00,12254
2017-12-05 12:15:00+01:00,12098
2017-12-05 12:30:00+01:00,12219
2017-12-05 12:45:00+01:00,12219
2017-12-05 13:00:00+01:00,12254
2017-12-05 13:15:00+01:00,12303
2017-12-05 13:30:00+01:00,12255
2017-12-05 13:45:00+01:00,12216
2017-12-05 14:00:00+01:00,12197
2017-12-05 14:15:00+01:00,11947
2017-12-05 14:30:00+01:00,12045
2017-12-05 14:45:00+01:00,11983
2017-12-05 15:00:00+01:00,12093
2017-12-05 15:15:00+01:00,12061
2017-12-05 15:30:00+01:00,12040
2017-12-05 15:45:00+01:00,12102
2017-12-05 16:00:00+01:00,12080
2017-12-05 16:15:00+01:00,12156
2017-12-05 16:30:00+01:00,12125
2017-12-05 16:45:00+01:00,12424
2017-12-05 17:00:00+01:00,12631
2017-12-05 17:15:00+01:00,12689
2017-12-05 17:30:00+01:00,12665
2017-12-05 17:45:00+01:00,12829
2017-12-05 18:00:00+01:00,12732
2017-12-05 18:15:00+01:00,12630
2017-12-05 18:30:00+01:00,12534
2017-12-05 18:45:00+01:00,12395
2017-12-05 19:00:00+01:00,12201
2017-12-05 19:15:00+01:00,12231
2017-12-05 19:30:00+01:00,12053
2017-12-05 19:45:00+01:00,11810
2017-12-05 20:00:00+01:00,11745
2017-12-05 20:15:00+01:00,11527
2017-12-05 20:30:00+01:00,11329
2017-12-05 20:45:00+01:00,11156
2017-12-05 21:00:00+01:00,11045
2017-12-05 21:15:00+01:00,10907
2017-12-05 21:30:00+01:00,10781
2017-12-05 21:45:00+01:00,10495
2017-12-05 22:00:00+01:00,10749
2017-12-05 22:15:00+01:00,10911
2017-12-05 22:30:00+01:00,10911
2017-12-05 22:45:00+01:00,10760
2017-12-05 23:00:00+01:00,10930
2017-12-05 23:15:00+01:00,10934
2017-12-05 23:30:00+01:00,10724
2017-12-05 23:45:00+01:00,10471
2017-12-06 00:00:00+01:00,10171
2017-12-06 00:15:00+01:00,10193
2017-12-06 00:30:00+01:00,10012
2017-12-06 00:45:00+01:00,9759
2017-12-06 01:00:00+01:00,9635
2017-12-06 01:15:00+01:00,9657
2017-12-06 01:30:00+01:00,9447
2017-12-06 01:45:00+01:00,9436
2017-12-06 02:00:00+01:00,9401
2017-12-06 02:15:00+01:00,9232
2017-12-06 02:30:00+01:00,9276
2017-12-06 02:45:00+01:00,9128
2017-12-06 03:00:00+01:00,9094
2017-12-06 03:15:00+01:00,8941
2017-12-06 03:30:00+01:00,8955
2017-12-06 03:45:00+01:00,8942
2017-12-06 04:00:00+01:00,9007
2017-12-06 04:15:00+01:00,9000
2017-12-06 04:30:00+01:00,9040
2017-12-06 04:45:00+01:00,9262
2017-12-06 05:00:00+01:00,9272
2017-12-06 05:15:00+01:00,9398
2017-12-06 05:30:00+01:00,9638
2017-12-06 05:45:00+01:00,9800
2017-12-06 06:00:00+01:00,10138
2017-12-06 06:15:00+01:00,10545
2017-12-06 06:30:00+01:00,10835
2017-12-06 06:45:00+01:00,11170
2017-12-06 07:00:00+01:00,11336
2017-12-06 07:15:00+01:00,11614
2017-12-06 07:30:00+01:00,11907
2017-12-06 07:45:00+01:00,11893
2017-12-06 08:00:00+01:00,11876
2017-12-06 08:15:00+01:00,12056
2017-12-06 08:30:00+01:00,11904
2017-12-06 08:45:00+01:00,12055
2017-12-06 09:00:00+01:00,11987
2017-12-06 09:15:00+01:00,11986
2017-12-06 09:30:00+01:00,12003
2017-12-06 09:45:00+01:00,12085
2017-12-06 10:00:00+01:00,12109
2017-12-06 10:15:00+01:00,12099
2017-12-06 10:30:00+01:00,11945
2017-12-06 10:45:00+01:00,12068
2017-12-06 11:00:00+01:00,12094
2017-12-06 11:15:00+01:00,12085
2017-12-06 11:30:00+01:00,12157
2017-12-06 11:45:00+01:00,12193
2017-12-06 12:00:00+01:00,12059
2017-12-06 12:15:00+01:00,11939
2017-12-06 12:30:00+01:00,11960
2017-12-06 12:45:00+01:00,11935
2017-12-06 13:00:00+01:00,11867
2017-12-06 13:15:00+01:00,11953
2017-12-06 13:30:00+01:00,11975
2017-12-06 13:45:00+01:00,11925
2017-12-06 14:00:00+01:00,11947
2017-12-06 14:15:00+01:00,11890
2017-12-06 14:30:00+01:00,11805
2017-12-06 14:45:00+01:00,11717
2017-12-06 15:00:00+01:00,11759
2017-12-06 15:15:00+01:00,11882
2017-12-06 15:30:00+01:00,11901
2017-12-06 15:45:00+01:00,11878
2017-12-06 16:00:00+01:00,11816
2017-12-06 16:15:00+01:00,11897
2017-12-06 16:30:00+01:00,12041
2017-12-06 16:45:00+01:00,12175
2017-12-06 17:00:00+01:00,12374
2017-12-06 17:15:00+01:00,12436
2017-12-06 17:30:00+01:00,12424
2017-12-06 17:45:00+01:00,12525
2017-12-06 18:00:00+01:00,12411
2017-12-06 18:15:00+01:00,12362
2017-12-06 18:30:00+01:00,12288
2017-12-06 18:45:00+01:00,12235
2017-12-06 19:00:00+01:00,11950
2017-12-06 19:15:00+01:00,11718
2017-12-06 19:30:00+01:00,11597
2017-12-06 19:45:00+01:00,11564
2017-12-06 20:00:00+01:00,11530
2017-12-06 20:15:00+01:00,11289
2017-12-06 20:30:00+01:00,11168
2017-12-06 20:45:00+01:00,11002
2017-12-06 21:00:00+01:00,10849
2017-12-06 21:15:00+01:00,10715
2017-12-06 21:30:00+01:00,10631
2017-12-06 21:45:00+01:00,10416
2017-12-06 22:00:00+01:00,10536
2017-12-06 22:15:00+01:00,10607
2017-12-06 22:30:00+01:00,10657
2017-12-06 22:45:00+01:00,10615
2017-12-06 23:00:00+01:00,10656
2017-12-06 23:15:00+01:00,10515
2017-12-06 23:30:00+01:00,10233
2017-12-06 23:45:00+01:00,10144
2017-12-07 00:00:00+01:00,9976
2017-12-07 00:15:00+01:00,9755
2017-12-07 00:30:00+01:00,9560
2017-12-07 00:45:00+01:00,9446
2017-12-07 01:00:00+01:00,9369
2017-12-07 01:15:00+01:00,9203
2017-12-07 01:30:00+01:00,9186
2017-12-07 01:45:00+01:00,9036
2017-12-07 02:00:00+01:00,9050
2017-12-07 02:15:00+01:00,9034
2017-12-07 02:30:00+01:00,9052
2017-12-07 02:45:00+01:00,8926
2017-12-07 03:00:00+01:00,8956
2017-12-07 03:15:00+01:00,8800
2017-12-07 03:30:00+01:00,8695
2017-12-07 03:45:00+01:00,8814
2017-12-07 04:00:00+01:00,8785
2017-12-07 04:15:00+01:00,8923
2017-12-07 04:30:00+01:00,8891
2017-12-07 04:45:00+01:00,8900
2017-12-07 05:00:00+01:00,9039
2017-12-07 05:15:00+01:00,9238
2017-12-07 05:30:00+01:00,9443
2017-12-07 05:45:00+01:00,9619
2017-12-07 06:00:00+01:00,9940
2017-12-07 06:15:00+01:00,10328
2017-12-07 06:30:00+01:00,10616
2017-12-07 06:45:00+01:00,10893
2017-12-07 07:00:00+01:00,11126
2017-12-07 07:15:00+01:00,11369
2017-12-07 07:30:00+01:00,11481
2017-12-07 07:45:00+01:00,11629
2017-12-07 08:00:00+01:00,11699
2017-12-07 08:15:00+01:00,11705
2017-12-07 08:30:00+01:00,11647
2017-12-07 08:45:00+01:00,11734
2017-12-07 09:00:00+01:00,11736
2017-12-07 09:15:00+01:00,11784
2017-12-07 09:30:00+01:00,11971
2017-12-07 09:45:00+01:00,11956
2017-12-07 10:00:00+01:00,11904
2017-12-07 10:15:00+01:00,11836
2017-12-07 10:30:00+01:00,11834
2017-12-07 10:45:00+01:00,11999
2017-12-07 11:00:00+01:00,12022
2017-12-07 11:15:00+01:00,12055
2017-12-07 11:30:00+01:00,12075
2017-12-07 11:45:00+01:00,12060
2017-12-07 12:00:00+01:00,11948
2017-12-07 12:15:00+01:00,11814
2017-12-07 12:30:00+01:00,11810
2017-12-07 12:45:00+01:00,11848
2017-12-07 13:00:00+01:00,11889
2017-12-07 13:15:00+01:00,11898
2017-12-07 13:30:00+01:00,11890
2017-12-07 13:45:00+01:00,11841
2017-12-07 14:00:00+01:00,11832
2017-12-07 14:15:00+01:00,11833
2017-12-07 14:30:00+01:00,11886
2017-12-07 14:45:00+01:00,11868
2017-12-07 15:00:00+01:00,11982
2017-12-07 15:15:00+01:00,11814
2017-12-07 15:30:00+01:00,11892
2017-12-07 15:45:00+01:00,11934
2017-12-07 16:00:00+01:00,11920
2017-12-07 16:15:00+01:00,11902
2017-12-07 16:30:00+01:00,12132
2017-12-07 16:45:00+01:00,12292
2017-12-07 17:00:00+01:00,12208
2017-12-07 17:15:00+01:00,12132
2017-12-07 17:30:00+01:00,12209
2017-12-07 17:45:00+01:00,12225
2017-12-07 18:00:00+01:00,12211
2017-12-07 18:15:00+01:00,12202
2017-12-07 18:30:00+01:00,12144
2017-12-07 18:45:00+01:00,12053
2017-12-07 19:00:00+01:00,12165
2017-12-07 19:15:00+01:00,12024
2017-12-07 19:30:00+01:00,11980
2017-12-07 19:45:00+01:00,11887
2017-12-07 20:00:00+01:00,11752
2017-12-07 20:15:00+01:00,11640
2017-12-07 20:30:00+01:00,11472
2017-12-07 20:45:00+01:00,11223
2017-12-07 21:00:00+01:00,11046
2017-12-07 21:15:00+01:00,10891
2017-12-07 21:30:00+01:00,10756
2017-12-07 21:45:00+01:00,10693
2017-12-07 22:00:00+01:00,10693
2017-12-07 22:15:00+01:00,10893
2017-12-07 22:30:00+01:00,10770
2017-12-07 22:45:00+01:00,10683
2017-12-07 23:00:00+01:00,10707
2017-12-07 23:15:00+01:00,10572
2017-12-07 23:30:00+01:00,10373
2017-12-07 23:45:00+01:00,10254
2017-12-08 00:00:00+01:00,10268
2017-12-08 00:15:00+01:00,10083
2017-12-08 00:30:00+01:00,9873
2017-12-08 00:45:00+01:00,9712
2017-12-08 01:00:00+01:00,9714
2017-12-08 01:15:00+01:00,9585
2017-12-08 01:30:00+01:00,9550
2017-12-08 01:45:00+01:00,9429
2017-12-08 02:00:00+01:00,9380
2017-12-08 02:15:00+01:00,9372
2017-12-08 02:30:00+01:00,9162
2017-12-08 02:45:00+01:00,9166
2017-12-08 03:00:00+01:00,9126
2017-12-08 03:15:00+01:00,9080
2017-12-08 03:30:00+01:00,9025
2017-12-08 03:45:00+01:00,9107
2017-12-08 04:00:00+01:00,9194
2017-12-08 04:15:00+01:00,9247
2017-12-08 04:30:00+01:00,9304
2017-12-08 04:45:00+01:00,9352
2017-12-08 05:00:00+01:00,9518
2017-12-08 05:15:00+01:00,9570
2017-12-08 05:30:00+01:00,9695
2017-12-08 05:45:00+01:00,9825
2017-12-08 06:00:00+01:00,10172
2017-12-08 06:15:00+01:00,10524
2017-12-08 06:30:00+01:00,10899
2017-12-08 06:45:00+01:00,11231
2017-12-08 07:00:00+01:00,11382
2017-12-08 07:15:00+01:00,11703
2017-12-08 07:30:00+01:00,11933
2017-12-08 07:45:00+01:00,12080
2017-12-08 08:00:00+01:00,12030
2017-12-08 08:15:00+01:00,11894
2017-12-08 08:30:00+01:00,12005
2017-12-08 08:45:00+01:00,12008
2017-12-08 09:00:00+01:00,12052
2017-12-08 09:15:00+01:00,12088
2017-12-08 09:30:00+01:00,12160
2017-12-08 09:45:00+01:00,11974
2017-12-08 10:00:00+01:00,11967
2017-12-08 10:15:00+01:00,11905
2017-12-08 10:30:00+01:00,11984
2017-12-08 10:45:00+01:00,11940
2017-12-08 11:00:00+01:00,11931
2017-12-08 11:15:00+01:00,11972
2017-12-08 11:30:00+01:00,11912
2017-12-08 11:45:00+01:00,11831
2017-12-08 12:00:00+01:00,11606
2017-12-08 12:15:00+01:00,11503
2017-12-08 12:30:00+01:00,11504
2017-12-08 12:45:00+01:00,11604
2017-12-08 13:00:00+01:00,11568
2017-12-08 13:15:00+01:00,11662
2017-12-08 13:30:00+01:00,11670
2017-12-08 13:45:00+01:00,11493
2017-12-08 14:00:00+01:00,11536
2017-12-08 14:15:00+01:00,11577
2017-12-08 14:30:00+01:00,11569
2017-12-08 14:45:00+01:00,11563
2017-12-08 15:00:00+01:00,11539
2017-12-08 15:15:00+01:00,11564
2017-12-08 15:30:00+01:00,11660
2017-12-08 15:45:00+01:00,11616
2017-12-08 16:00:00+01:00,11636
2017-12-08 16:15:00+01:00,11756
2017-12-08 16:30:00+01:00,11904
2017-12-08 16:45:00+01:00,12129
2017-12-08 17:00:00+01:00,12393
2017-12-08 17:15:00+01:00,12410
2017-12-08 17:30:00+01:00,12468
2017-12-08 17:45:00+01:00,12539
2017-12-08 18:00:00+01:00,12380
2017-12-08 18:15:00+01:00,12295
2017-12-08 18:30:00+01:00,12164
2017-12-08 18:45:00+01:00,11906
2017-12-08 19:00:00+01:00,11894
2017-12-08 19:15:00+01:00,11646
2017-12-08 19:30:00+01:00,11564
2017-12-08 19:45:00+01:00,11420
2017-12-08 20:00:00+01:00,11427
2017-12-08 20:15:00+01:00,11298
2017-12-08 20:30:00+01:00,11131
2017-12-08 20:45:00+01:00,10950
2017-12-08 21:00:00+01:00,10775
2017-12-08 21:15:00+01:00,10755
2017-12-08 21:30:00+01:00,10678
2017-12-08 21:45:00+01:00,10610
2017-12-08 22:00:00+01:00,10642
2017-12-08 22:15:00+01:00,10873
2017-12-08 22:30:00+01:00,11002
2017-12-08 22:45:00+01:00,10879
2017-12-08 23:00:00+01:00,11090
2017-12-08 23:15:00+01:00,10923
2017-12-08 23:30:00+01:00,10781
2017-12-08 23:45:00+01:00,10585
2017-12-09 00:00:00+01:00,10535
2017-12-09 00:15:00+01:00,10347
2017-12-09 00:30:00+01:00,10328
2017-12-09 00:45:00+01:00,10121
2017-12-09 01:00:00+01:00,10155
2017-12-09 01:15:00+01:00,9941
2017-12-09 01:30:00+01:00,9740
2017-12-09 01:45:00+01:00,9636
2017-12-09 02:00:00+01:00,9598
2017-12-09 02:15:00+01:00,9508
2017-12-09 02:30:00+01:00,9439
2017-12-09 02:45:00+01:00,9349
2017-12-09 03:00:00+01:00,9253
2017-12-09 03:15:00+01:00,9129
2017-12-09 03:30:00+01:00,9034
2017-12-09 03:45:00+01:00,9043
2017-12-09 04:00:00+01:00,9105
2017-12-09 04:15:00+01:00,8900
2017-12-09 04:30:00+01:00,8899
2017-12-09 04:45:00+01:00,8981
2017-12-09 05:00:00+01:00,9003
2017-12-09 05:15:00+01:00,8971
2017-12-09 05:30:00+01:00,9071
2017-12-09 05:45:00+01:00,9173
2017-12-09 06:00:00+01:00,9303
2017-12-09 06:15:00+01:00,9275
2017-12-09 06:30:00+01:00,9335
2017-12-09 06:45:00+01:00,9523
2017-12-09 07:00:00+01:00,9536
2017-12-09 07:15:00+01:00,9626
2017-12-09 07:30:00+01:00,9702
2017-12-09 07:45:00+01:00,9772
2017-12-09 08:00:00+01:00,10062
2017-12-09 08:15:00+01:00,10109
2017-12-09 08:30:00+01:00,10291
2017-12-09 08:45:00+01:00,10427
2017-12-09 09:00:00+01:00,10512
2017-12-09 09:15:00+01:00,10786
2017-12-09 09:30:00+01:00,10910
2017-12-09 09:45:00+01:00,10964
2017-12-09 10:00:00+01:00,10969
2017-12-09 10:15:00+01:00,11000
2017-12-09 10:30:00+01:00,11031
2017-12-09 10:45:00+01:00,10997
2017-12-09 11:00:00+01:00,10875
2017-12-09 11:15:00+01:00,10940
2017-12-09 11:30:00+01:00,11013
2017-12-09 11:45:00+01:00,11209
2017-12-09 12:00:00+01:00,11040
2017-12-09 12:15:00+01:00,11094
2017-12-09 12:30:00+01:00,10996
2017-12-09 12:45:00+01:00,10883
2017-12-09 13:00:00+01:00,10797
2017-12-09 13:15:00+01:00,10743
2017-12-09 13:30:00+01:00,10804
2017-12-09 13:45:00+01:00,10737
2017-12-09 14:00:00+01:00,10690
2017-12-09 14:15:00+01:00,10692
2017-12-09 14:30:00+01:00,10590
2017-12-09 14:45:00+01:00,10485
2017-12-09 15:00:00+01:00,10484
2017-12-09 15:15:00+01:00,10538
2017-12-09 15:30:00+01:00,10571
2017-12-09 15:45:00+01:00,10608
2017-12-09 16:00:00+01:00,10654
2017-12-09 16:15:00+01:00,10850
2017-12-09 16:30:00+01:00,10861
2017-12-09 16:45:00+01:00,11109
2017-12-09 17:00:00+01:00,11329
2017-12-09 17:15:00+01:00,11447
2017-12-09 17:30:00+01:00,11490
2017-12-09 17:45:00+01:00,11548
2017-12-09 18:00:00+01:00,11504
2017-12-09 18:15:00+01:00,11319
2017-12-09 18:30:00+01:00,11090
2017-12-09 18:45:00+01:00,11043
2017-12-09 19:00:00+01:00,11081
2017-12-09 19:15:00+01:00,10928
2017-12-09 19:30:00+01:00,10871
2017-12-09 19:45:00+01:00,10664
2017-12-09 20:00:00+01:00,10447
2017-12-09 20:15:00+01:00,10352
2017-12-09 20:30:00+01:00,10270
2017-12-09 20:45:00+01:00,10269
2017-12-09 21:00:00+01:00,10182
2017-12-09 21:15:00+01:00,10129
2017-12-09 21:30:00+01:00,10059
2017-12-09 21:45:00+01:00,9930
2017-12-09 22:00:00+01:00,9980
2017-12-09 22:15:00+01:00,10210
2017-12-09 22:30:00+01:00,10223
2017-12-09 22:45:00+01:00,10195
2017-12-09 23:00:00+01:00,10335
2017-12-09 23:15:00+01:00,10266
2017-12-09 23:30:00+01:00,10171
2017-12-09 23:45:00+01:00,10194
2017-12-10 00:00:00+01:00,10148
2017-12-10 00:15:00+01:00,10087
2017-12-10 00:30:00+01:00,9916
2017-12-10 00:45:00+01:00,9822
2017-12-10 01:00:00+01:00,9787
2017-12-10 01:15:00+01:00,9711
2017-12-10 01:30:00+01:00,9649
2017-12-10 01:45:00+01:00,9483
2017-12-10 02:00:00+01:00,9339
2017-12-10 02:15:00+01:00,9172
2017-12-10 02:30:00+01:00,9103
2017-12-10 02:45:00+01:00,9020
2017-12-10 03:00:00+01:00,9006
2017-12-10 03:15:00+01:00,8853
2017-12-10 03:30:00+01:00,8847
2017-12-10 03:45:00+01:00,8798
2017-12-10 04:00:00+01:00,8674
2017-12-10 04:15:00+01:00,8748
2017-12-10 04:30:00+01:00,8808
2017-12-10 04:45:00+01:00,8844
2017-12-10 05:00:00+01:00,8747
2017-12-10 05:15:00+01:00,8808
2017-12-10 05:30:00+01:00,8689
2017-12-10 05:45:00+01:00,8931
2017-12-10 06:00:00+01:00,8870
2017-12-10 06:15:00+01:00,8923
2017-12-10 06:30:00+01:00,8900
2017-12-10 06:45:00+01:00,8870
2017-12-10 07:00:00+01:00,8870
2017-12-10 07:15:00+01:00,8927
2017-12-10 07:30:00+01:00,9038
2017-12-10 07:45:00+01:00,9039
2017-12-10 08:00:00+01:00,9226
2017-12-10 08:15:00+01:00,9403
2017-12-10 08:30:00+01:00,9540
2017-12-10 08:45:00+01:00,9661
2017-12-10 09:00:00+01:00,9929
2017-12-10 09:15:00+01:00,10295
2017-12-10 09:30:00+01:00,10624
2017-12-10 09:45:00+01:00,10854
2017-12-10 10:00:00+01:00,11054
2017-12-10 10:15:00+01:00,11269
2017-12-10 10:30:00+01:00,11363
2017-12-10 10:45:00+01:00,11476
2017-12-10 11:00:00+01:00,11410
2017-12-10 11:15:00+01:00,11727
2017-12-10 11:30:00+01:00,11828
2017-12-10 11:45:00+01:00,11884
2017-12-10 12:00:00+01:00,11825
2017-12-10 12:15:00+01:00,11765
2017-12-10 12:30:00+01:00,11686
2017-12-10 12:45:00+01:00,11762
2017-12-10 13:00:00+01:00,11540
2017-12-10 13:15:00+01:00,11246
2017-12-10 13:30:00+01:00,11241
2017-12-10 13:45:00+01:00,11164
2017-12-10 14:00:00+01:00,11000
2017-12-10 14:15:00+01:00,10959
2017-12-10 14:30:00+01:00,10932
2017-12-10 14:45:00+01:00,10886
2017-12-10 15:00:00+01:00,10730
2017-12-10 15:15:00+01:00,10782
2017-12-10 15:30:00+01:00,10727
2017-12-10 15:45:00+01:00,10628
2017-12-10 16:00:00+01:00,10703
2017-12-10 16:15:00+01:00,10781
2017-12-10 16:30:00+01:00,11054
2017-12-10 16:45:00+01:00,11161
2017-12-10 17:00:00+01:00,11403
2017-12-10 17:15:00+01:00,11341
2017-12-10 17:30:00+01:00,11436
2017-12-10 17:45:00+01:00,11494
2017-12-10 18:00:00+01:00,11528
2017-12-10 18:15:00+01:00,11510
2017-12-10 18:30:00+01:00,11501
2017-12-10 18:45:00+01:00,11240
2017-12-10 19:00:00+01:00,11242
2017-12-10 19:15:00+01:00,11163
2017-12-10 19:30:00+01:00,11127
2017-12-10 19:45:00+01:00,11065
2017-12-10 20:00:00+01:00,10950
2017-12-10 20:15:00+01:00,10867
2017-12-10 20:30:00+01:00,10700
2017-12-10 20:45:00+01:00,10589
2017-12-10 21:00:00+01:00,10427
2017-12-10 21:15:00+01:00,10471
2017-12-10 21:30:00+01:00,10420
2017-12-10 21:45:00+01:00,10324
2017-12-10 22:00:00+01:00,10352
2017-12-10 22:15:00+01:00,10453
2017-12-10 22:30:00+01:00,10420
2017-12-10 22:45:00+01:00,10392
2017-12-10 23:00:00+01:00,10606
2017-12-10 23:15:00+01:00,10472
2017-12-10 23:30:00+01:00,10375
2017-12-10 23:45:00+01:00,10213
2017-12-11 00:00:00+01:00,10105
2017-12-11 00:15:00+01:00,10008
2017-12-11 00:30:00+01:00,9943
2017-12-11 00:45:00+01:00,9871
2017-12-11 01:00:00+01:00,9877
2017-12-11 01:15:00+01:00,9798
2017-12-11 01:30:00+01:00,9631
2017-12-11 01:45:00+01:00,9699
2017-12-11 02:00:00+01:00,9557
2017-12-11 02:15:00+01:00,9534
2017-12-11 02:30:00+01:00,9358
2017-12-11 02:45:00+01:00,9373
2017-12-11 03:00:00+01:00,9379
2017-12-11 03:15:00+01:00,9373
2017-12-11 03:30:00+01:00,9246
2017-12-11 03:45:00+01:00,9231
2017-12-11 04:00:00+01:00,9168
2017-12-11 04:15:00+01:00,9065
2017-12-11 04:30:00+01:00,9100
2017-12-11 04:45:00+01:00,9043
2017-12-11 05:00:00+01:00,9110
2017-12-11 05:15:00+01:00,9350
2017-12-11 05:30:00+01:00,9391
2017-12-11 05:45:00+01:00,9682
2017-12-11 06:00:00+01:00,10022
2017-12-11 06:15:00+01:00,10142
2017-12-11 06:30:00+01:00,10708
2017-12-11 06:45:00+01:00,11070
2017-12-11 07:00:00+01:00,11292
2017-12-11 07:15:00+01:00,11538
2017-12-11 07:30:00+01:00,11849
2017-12-11 07:45:00+01:00,11996
2017-12-11 08:00:00+01:00,12061
2017-12-11 08:15:00+01:00,12244
2017-12-11 08:30:00+01:00,12507
2017-12-11 08:45:00+01:00,12630
2017-12-11 09:00:00+01:00,12673
2017-12-11 09:15:00+01:00,12931
2017-12-11 09:30:00+01:00,13039
2017-12-11 09:45:00+01:00,12969
2017-12-11 10:00:00+01:00,13051
2017-12-11 10:15:00+01:00,13029
2017-12-11 10:30:00+01:00,12991
2017-12-11 10:45:00+01:00,13117
2017-12-11 11:00:00+01:00,13133
2017-12-11 11:15:00+01:00,13104
2017-12-11 11:30:00+01:00,13149
2017-12-11 11:45:00+01:00,13193
2017-12-11 12:00:00+01:00,13012
2017-12-11 12:15:00+01:00,12928
2017-12-11 12:30:00+01:00,12919
2017-12-11 12:45:00+01:00,12933
2017-12-11 13:00:00+01:00,12957
2017-12-11 13:15:00+01:00,12955
2017-12-11 13:30:00+01:00,13238
2017-12-11 13:45:00+01:00,12843
2017-12-11 14:00:00+01:00,13069
2017-12-11 14:15:00+01:00,12984
2017-12-11 14:30:00+01:00,12925
2017-12-11 14:45:00+01:00,12947
2017-12-11 15:00:00+01:00,12862
2017-12-11 15:15:00+01:00,12866
2017-12-11 15:30:00+01:00,12759
2017-12-11 15:45:00+01:00,12735
2017-12-11 16:00:00+01:00,12866
2017-12-11 16:15:00+01:00,12846
2017-12-11 16:30:00+01:00,12989
2017-12-11 16:45:00+01:00,13186
2017-12-11 17:00:00+01:00,13066
2017-12-11 17:15:00+01:00,13087
2017-12-11 17:30:00+01:00,13224
2017-12-11 17:45:00+01:00,13407
2017-12-11 18:00:00+01:00,13405
2017-12-11 18:15:00+01:00,13254
2017-12-11 18:30:00+01:00,13205
2017-12-11 18:45:00+01:00,12957
2017-12-11 19:00:00+01:00,12903
2017-12-11 19:15:00+01:00,12910
2017-12-11 19:30:00+01:00,12656
2017-12-11 19:45:00+01:00,12487
2017-12-11 20:00:00+01:00,12476
2017-12-11 20:15:00+01:00,12253
2017-12-11 20:30:00+01:00,12164
2017-12-11 20:45:00+01:00,11956
2017-12-11 21:00:00+01:00,11919
2017-12-11 21:15:00+01:00,11776
2017-12-11 21:30:00+01:00,11627
2017-12-11 21:45:00+01:00,11460
2017-12-11 22:00:00+01:00,11577
2017-12-11 22:15:00+01:00,11727
2017-12-11 22:30:00+01:00,11763
2017-12-11 22:45:00+01:00,11555
2017-12-11 23:00:00+01:00,11723
2017-12-11 23:15:00+01:00,11625
2017-12-11 23:30:00+01:00,11331
2017-12-11 23:45:00+01:00,11193
2017-12-12 00:00:00+01:00,10990
2017-12-12 00:15:00+01:00,11035
2017-12-12 00:30:00+01:00,10858
2017-12-12 00:45:00+01:00,10790
2017-12-12 01:00:00+01:00,10838
2017-12-12 01:15:00+01:00,10664
2017-12-12 01:30:00+01:00,10470
2017-12-12 01:45:00+01:00,10130
2017-12-12 02:00:00+01:00,10431
2017-12-12 02:15:00+01:00,10426
2017-12-12 02:30:00+01:00,10211
2017-12-12 02:45:00+01:00,9797
2017-12-12 03:00:00+01:00,10080
2017-12-12 03:15:00+01:00,10311
2017-12-12 03:30:00+01:00,10053
2017-12-12 03:45:00+01:00,9835
2017-12-12 04:00:00+01:00,9819
2017-12-12 04:15:00+01:00,9790
2017-12-12 04:30:00+01:00,9864
2017-12-12 04:45:00+01:00,10163
2017-12-12 05:00:00+01:00,10061
2017-12-12 05:15:00+01:00,10106
2017-12-12 05:30:00+01:00,10506
2017-12-12 05:45:00+01:00,10832
2017-12-12 06:00:00+01:00,11313
2017-12-12 06:15:00+01:00,11213
2017-12-12 06:30:00+01:00,11248
2017-12-12 06:45:00+01:00,11516
2017-12-12 07:00:00+01:00,11789
2017-12-12 07:15:00+01:00,12182
2017-12-12 07:30:00+01:00,12515
2017-12-12 07:45:00+01:00,12627
2017-12-12 08:00:00+01:00,12627
2017-12-12 08:15:00+01:00,12827
2017-12-12 08:30:00+01:00,12890
2017-12-12 08:45:00+01:00,12873
2017-12-12 09:00:00+01:00,12815
2017-12-12 09:15:00+01:00,12604
2017-12-12 09:30:00+01:00,12734
2017-12-12 09:45:00+01:00,12709
2017-12-12 10:00:00+01:00,12735
2017-12-12 10:15:00+01:00,12694
2017-12-12 10:30:00+01:00,12738
2017-12-12 10:45:00+01:00,12716
2017-12-12 11:00:00+01:00,12715
2017-12-12 11:15:00+01:00,12958
2017-12-12 11:30:00+01:00,12996
2017-12-12 11:45:00+01:00,12899
2017-12-12 12:00:00+01:00,12835
2017-12-12 12:15:00+01:00,12596
2017-12-12 12:30:00+01:00,12672
2017-12-12 12:45:00+01:00,12752
2017-12-12 13:00:00+01:00,12890
2017-12-12 13:15:00+01:00,12871
2017-12-12 13:30:00+01:00,12932
2017-12-12 13:45:00+01:00,12905
2017-12-12 14:00:00+01:00,12716
2017-12-12 14:15:00+01:00,12679
2017-12-12 14:30:00+01:00,12630
2017-12-12 14:45:00+01:00,12454
2017-12-12 15:00:00+01:00,12454
2017-12-12 15:15:00+01:00,12529
2017-12-12 15:30:00+01:00,12543
2017-12-12 15:45:00+01:00,12483
2017-12-12 16:00:00+01:00,12366
2017-12-12 16:15:00+01:00,12552
2017-12-12 16:30:00+01:00,12609
2017-12-12 16:45:00+01:00,12960
2017-12-12 17:00:00+01:00,13100
2017-12-12 17:15:00+01:00,13145
2017-12-12 17:30:00+01:00,13259
2017-12-12 17:45:00+01:00,13230
2017-12-12 18:00:00+01:00,13120
2017-12-12 18:15:00+01:00,13162
2017-12-12 18:30:00+01:00,13057
2017-12-12 18:45:00+01:00,12877
2017-12-12 19:00:00+01:00,12694
2017-12-12 19:15:00+01:00,12529
2017-12-12 19:30:00+01:00,12470
2017-12-12 19:45:00+01:00,12372
2017-12-12 20:00:00+01:00,12260
2017-12-12 20:15:00+01:00,12038
2017-12-12 20:30:00+01:00,11987
2017-12-12 20:45:00+01:00,11705
2017-12-12 21:00:00+01:00,11629
2017-12-12 21:15:00+01:00,11338
2017-12-12 21:30:00+01:00,11368
2017-12-12 21:45:00+01:00,11212
2017-12-12 22:00:00+01:00,11266
2017-12-12 22:15:00+01:00,11446
2017-12-12 22:30:00+01:00,11444
2017-12-12 22:45:00+01:00,11502
2017-12-12 23:00:00+01:00,11617
2017-12-12 23:15:00+01:00,11624
2017-12-12 23:30:00+01:00,11491
2017-12-12 23:45:00+01:00,11211
2017-12-13 00:00:00+01:00,10982
2017-12-13 00:15:00+01:00,10896
2017-12-13 00:30:00+01:00,10858
2017-12-13 00:45:00+01:00,10602
2017-12-13 01:00:00+01:00,10557
2017-12-13 01:15:00+01:00,10392
2017-12-13 01:30:00+01:00,10267
2017-12-13 01:45:00+01:00,10125
2017-12-13 02:00:00+01:00,10178
2017-12-13 02:15:00+01:00,9995
2017-12-13 02:30:00+01:00,9984
2017-12-13 02:45:00+01:00,9795
2017-12-13 03:00:00+01:00,9902
2017-12-13 03:15:00+01:00,9816
2017-12-13 03:30:00+01:00,9701
2017-12-13 03:45:00+01:00,9736
2017-12-13 04:00:00+01:00,9733
2017-12-13 04:15:00+01:00,9709
2017-12-13 04:30:00+01:00,9669
2017-12-13 04:45:00+01:00,9736
2017-12-13 05:00:00+01:00,9938
2017-12-13 05:15:00+01:00,10035
2017-12-13 05:30:00+01:00,10204
2017-12-13 05:45:00+01:00,10401
2017-12-13 06:00:00+01:00,10715
2017-12-13 06:15:00+01:00,11058
2017-12-13 06:30:00+01:00,11363
2017-12-13 06:45:00+01:00,11658
2017-12-13 07:00:00+01:00,11796
2017-12-13 07:15:00+01:00,12135
2017-12-13 07:30:00+01:00,12281
2017-12-13 07:45:00+01:00,12361
2017-12-13 08:00:00+01:00,12393
2017-12-13 08:15:00+01:00,12532
2017-12-13 08:30:00+01:00,12590
2017-12-13 08:45:00+01:00,12592
2017-12-13 09:00:00+01:00,12719
2017-12-13 09:15:00+01:00,12701
2017-12-13 09:30:00+01:00,12721
2017-12-13 09:45:00+01:00,12817
2017-12-13 10:00:00+01:00,12780
2017-12-13 10:15:00+01:00,12726
2017-12-13 10:30:00+01:00,12699
2017-12-13 10:45:00+01:00,12811
2017-12-13 11:00:00+01:00,12785
2017-12-13 11:15:00+01:00,13048
2017-12-13 11:30:00+01:00,12827
2017-12-13 11:45:00+01:00,12619
2017-12-13 12:00:00+01:00,12526
2017-12-13 12:15:00+01:00,12596
2017-12-13 12:30:00+01:00,12728
2017-12-13 12:45:00+01:00,12683
2017-12-13 13:00:00+01:00,12718
2017-12-13 13:15:00+01:00,12669
2017-12-13 13:30:00+01:00,12730
2017-12-13 13:45:00+01:00,12669
2017-12-13 14:00:00+01:00,12620
2017-12-13 14:15:00+01:00,12525
2017-12-13 14:30:00+01:00,12573
2017-12-13 14:45:00+01:00,12444
2017-12-13 15:00:00+01:00,12471
2017-12-13 15:15:00+01:00,12404
2017-12-13 15:30:00+01:00,12429
2017-12-13 15:45:00+01:00,12406
2017-12-13 16:00:00+01:00,12411
2017-12-13 16:15:00+01:00,12568
2017-12-13 16:30:00+01:00,12552
2017-12-13 16:45:00+01:00,12595
2017-12-13 17:00:00+01:00,12664
2017-12-13 17:15:00+01:00,12720
2017-12-13 17:30:00+01:00,12921
2017-12-13 17:45:00+01:00,12876
2017-12-13 18:00:00+01:00,12813
2017-12-13 18:15:00+01:00,12629
2017-12-13 18:30:00+01:00,12598
2017-12-13 18:45:00+01:00,12706
2017-12-13 19:00:00+01:00,12486
2017-12-13 19:15:00+01:00,12126
2017-12-13 19:30:00+01:00,12043
2017-12-13 19:45:00+01:00,11959
2017-12-13 20:00:00+01:00,11925
2017-12-13 20:15:00+01:00,11825
2017-12-13 20:30:00+01:00,11640
2017-12-13 20:45:00+01:00,11418
2017-12-13 21:00:00+01:00,11200
2017-12-13 21:15:00+01:00,11104
2017-12-13 21:30:00+01:00,10997
2017-12-13 21:45:00+01:00,10614
2017-12-13 22:00:00+01:00,10851
2017-12-13 22:15:00+01:00,11003
2017-12-13 22:30:00+01:00,11169
2017-12-13 22:45:00+01:00,11191
2017-12-13 23:00:00+01:00,11312
2017-12-13 23:15:00+01:00,11124
2017-12-13 23:30:00+01:00,10886
2017-12-13 23:45:00+01:00,10752
2017-12-14 00:00:00+01:00,10428
2017-12-14 00:15:00+01:00,10286
2017-12-14 00:30:00+01:00,10133
2017-12-14 00:45:00+01:00,10266
2017-12-14 01:00:00+01:00,9986
2017-12-14 01:15:00+01:00,9784
2017-12-14 01:30:00+01:00,9678
2017-12-14 01:45:00+01:00,9731
2017-12-14 02:00:00+01:00,9762
2017-12-14 02:15:00+01:00,9686
2017-12-14 02:30:00+01:00,9737
2017-12-14 02:45:00+01:00,9531
2017-12-14 03:00:00+01:00,9521
2017-12-14 03:15:00+01:00,9244
2017-12-14 03:30:00+01:00,9166
2017-12-14 03:45:00+01:00,9260
2017-12-14 04:00:00+01:00,9257
2017-12-14 04:15:00+01:00,9388
2017-12-14 04:30:00+01:00,9400
2017-12-14 04:45:00+01:00,9617
2017-12-14 05:00:00+01:00,9720
2017-12-14 05:15:00+01:00,9799
2017-12-14 05:30:00+01:00,10002
2017-12-14 05:45:00+01:00,10067
2017-12-14 06:00:00+01:00,10561
2017-12-14 06:15:00+01:00,10869
2017-12-14 06:30:00+01:00,11176
2017-12-14 06:45:00+01:00,11531
2017-12-14 07:00:00+01:00,11632
2017-12-14 07:15:00+01:00,11947
2017-12-14 07:30:00+01:00,12174
2017-12-14 07:45:00+01:00,12183
2017-12-14 08:00:00+01:00,12299
2017-12-14 08:15:00+01:00,12383
2017-12-14 08:30:00+01:00,12507
2017-12-14 08:45:00+01:00,12204
2017-12-14 09:00:00+01:00,12246
2017-12-14 09:15:00+01:00,12313
2017-12-14 09:30:00+01:00,12324
2017-12-14 09:45:00+01:00,12360
2017-12-14 10:00:00+01:00,12306
2017-12-14 10:15:00+01:00,12289
2017-12-14 10:30:00+01:00,12405
2017-12-14 10:45:00+01:00,12465
2017-12-14 11:00:00+01:00,12348
2017-12-14 11:15:00+01:00,12328
2017-12-14 11:30:00+01:00,12297
2017-12-14 11:45:00+01:00,12260
2017-12-14 12:00:00+01:00,12160
2017-12-14 12:15:00+01:00,12024
2017-12-14 12:30:00+01:00,12044
2017-12-14 12:45:00+01:00,12050
2017-12-14 13:00:00+01:00,12056
2017-12-14 13:15:00+01:00,12079
2017-12-14 13:30:00+01:00,12007
2017-12-14 13:45:00+01:00,11968
2017-12-14 14:00:00+01:00,11925
2017-12-14 14:15:00+01:00,11976
2017-12-14 14:30:00+01:00,11950
2017-12-14 14:45:00+01:00,11984
2017-12-14 15:00:00+01:00,11869
2017-12-14 15:15:00+01:00,11943
2017-12-14 15:30:00+01:00,11997
2017-12-14 15:45:00+01:00,12053
2017-12-14 16:00:00+01:00,12049
2017-12-14 16:15:00+01:00,12138
2017-12-14 16:30:00+01:00,12335
2017-12-14 16:45:00+01:00,12491
2017-12-14 17:00:00+01:00,12586
2017-12-14 17:15:00+01:00,12765
2017-12-14 17:30:00+01:00,12795
2017-12-14 17:45:00+01:00,12890
2017-12-14 18:00:00+01:00,12745
2017-12-14 18:15:00+01:00,12854
2017-12-14 18:30:00+01:00,12783
2017-12-14 18:45:00+01:00,12654
2017-12-14 19:00:00+01:00,12521
2017-12-14 19:15:00+01:00,12483
2017-12-14 19:30:00+01:00,12296
2017-12-14 19:45:00+01:00,12060
2017-12-14 20:00:00+01:00,12048
2017-12-14 20:15:00+01:00,11936
2017-12-14 20:30:00+01:00,11825
2017-12-14 20:45:00+01:00,11601
2017-12-14 21:00:00+01:00,11364
2017-12-14 21:15:00+01:00,11354
2017-12-14 21:30:00+01:00,11171
2017-12-14 21:45:00+01:00,10958
2017-12-14 22:00:00+01:00,11099
2017-12-14 22:15:00+01:00,11296
2017-12-14 22:30:00+01:00,11279
2017-12-14 22:45:00+01:00,11319
2017-12-14 23:00:00+01:00,11335
2017-12-14 23:15:00+01:00,11373
2017-12-14 23:30:00+01:00,11128
2017-12-14 23:45:00+01:00,11038
2017-12-15 00:00:00+01:00,10891
2017-12-15 00:15:00+01:00,10732
2017-12-15 00:30:00+01:00,10576
2017-12-15 00:45:00+01:00,10484
2017-12-15 01:00:00+01:00,10264
2017-12-15 01:15:00+01:00,10248
2017-12-15 01:30:00+01:00,10128
2017-12-15 01:45:00+01:00,10061
2017-12-15 02:00:00+01:00,9953
2017-12-15 02:15:00+01:00,9821
2017-12-15 02:30:00+01:00,9790
2017-12-15 02:45:00+01:00,9720
2017-12-15 03:00:00+01:00,9626
2017-12-15 03:15:00+01:00,9656
2017-12-15 03:30:00+01:00,9468
2017-12-15 03:45:00+01:00,9536
2017-12-15 04:00:00+01:00,9488
2017-12-15 04:15:00+01:00,9537
2017-12-15 04:30:00+01:00,9510
2017-12-15 04:45:00+01:00,9685
2017-12-15 05:00:00+01:00,9722
2017-12-15 05:15:00+01:00,9901
2017-12-15 05:30:00+01:00,10112
2017-12-15 05:45:00+01:00,10304
2017-12-15 06:00:00+01:00,10729
2017-12-15 06:15:00+01:00,11070
2017-12-15 06:30:00+01:00,11402
2017-12-15 06:45:00+01:00,11711
2017-12-15 07:00:00+01:00,11973
2017-12-15 07:15:00+01:00,12229
2017-12-15 07:30:00+01:00,12367
2017-12-15 07:45:00+01:00,12492
2017-12-15 08:00:00+01:00,12666
2017-12-15 08:15:00+01:00,12684
2017-12-15 08:30:00+01:00,12765
2017-12-15 08:45:00+01:00,12730
2017-12-15 09:00:00+01:00,12680
2017-12-15 09:15:00+01:00,12751
2017-12-15 09:30:00+01:00,12824
2017-12-15 09:45:00+01:00,12709
2017-12-15 10:00:00+01:00,12694
2017-12-15 10:15:00+01:00,12721
2017-12-15 10:30:00+01:00,12664
2017-12-15 10:45:00+01:00,12712
2017-12-15 11:00:00+01:00,12740
2017-12-15 11:15:00+01:00,12827
2017-12-15 11:30:00+01:00,12818
2017-12-15 11:45:00+01:00,12810
2017-12-15 12:00:00+01:00,12656
2017-12-15 12:15:00+01:00,12459
2017-12-15 12:30:00+01:00,12529
2017-12-15 12:45:00+01:00,12583
2017-12-15 13:00:00+01:00,12665
2017-12-15 13:15:00+01:00,12682
2017-12-15 13:30:00+01:00,12660
2017-12-15 13:45:00+01:00,12639
2017-12-15 14:00:00+01:00,12634
2017-12-15 14:15:00+01:00,12563
2017-12-15 14:30:00+01:00,12581
2017-12-15 14:45:00+01:00,12378
2017-12-15 15:00:00+01:00,12337
2017-12-15 15:15:00+01:00,12381
2017-12-15 15:30:00+01:00,12364
2017-12-15 15:45:00+01:00,12471
2017-12-15 16:00:00+01:00,12485
2017-12-15 16:15:00+01:00,12566
2017-12-15 16:30:00+01:00,12634
2017-12-15 16:45:00+01:00,12725
2017-12-15 17:00:00+01:00,12935
2017-12-15 17:15:00+01:00,12901
2017-12-15 17:30:00+01:00,12873
2017-12-15 17:45:00+01:00,13029
2017-12-15 18:00:00+01:00,12865
2017-12-15 18:15:00+01:00,12794
2017-12-15 18:30:00+01:00,12886
2017-12-15 18:45:00+01:00,12564
2017-12-15 19:00:00+01:00,12327
2017-12-15 19:15:00+01:00,12276
2017-12-15 19:30:00+01:00,12138
2017-12-15 19:45:00+01:00,11984
2017-12-15 20:00:00+01:00,11793
2017-12-15 20:15:00+01:00,11723
2017-12-15 20:30:00+01:00,11608
2017-12-15 20:45:00+01:00,11444
2017-12-15 21:00:00+01:00,11238
2017-12-15 21:15:00+01:00,11272
2017-12-15 21:30:00+01:00,11233
2017-12-15 21:45:00+01:00,11142
2017-12-15 22:00:00+01:00,11252
2017-12-15 22:15:00+01:00,11404
2017-12-15 22:30:00+01:00,11372
2017-12-15 22:45:00+01:00,11483
2017-12-15 23:00:00+01:00,11517
2017-12-15 23:15:00+01:00,11372
2017-12-15 23:30:00+01:00,11234
2017-12-15 23:45:00+01:00,11039
2017-12-16 00:00:00+01:00,10942
2017-12-16 00:15:00+01:00,10837
2017-12-16 00:30:00+01:00,10739
2017-12-16 00:45:00+01:00,10682
2017-12-16 01:00:00+01:00,10674
2017-12-16 01:15:00+01:00,10359
2017-12-16 01:30:00+01:00,10059
2017-12-16 01:45:00+01:00,10037
2017-12-16 02:00:00+01:00,10032
2017-12-16 02:15:00+01:00,9831
2017-12-16 02:30:00+01:00,9561
2017-12-16 02:45:00+01:00,9546
2017-12-16 03:00:00+01:00,9640
2017-12-16 03:15:00+01:00,9536
2017-12-16 03:30:00+01:00,9323
2017-12-16 03:45:00+01:00,9360
2017-12-16 04:00:00+01:00,9421
2017-12-16 04:15:00+01:00,9212
2017-12-16 04:30:00+01:00,9164
2017-12-16 04:45:00+01:00,9158
2017-12-16 05:00:00+01:00,9254
2017-12-16 05:15:00+01:00,9313
2017-12-16 05:30:00+01:00,9468
2017-12-16 05:45:00+01:00,9430
2017-12-16 06:00:00+01:00,9473
2017-12-16 06:15:00+01:00,9399
2017-12-16 06:30:00+01:00,9571
2017-12-16 06:45:00+01:00,9539
2017-12-16 07:00:00+01:00,9505
2017-12-16 07:15:00+01:00,9782
2017-12-16 07:30:00+01:00,9979
2017-12-16 07:45:00+01:00,10149
2017-12-16 08:00:00+01:00,10354
2017-12-16 08:15:00+01:00,10528
2017-12-16 08:30:00+01:00,10658
2017-12-16 08:45:00+01:00,10746
2017-12-16 09:00:00+01:00,11005
2017-12-16 09:15:00+01:00,11219
2017-12-16 09:30:00+01:00,11095
2017-12-16 09:45:00+01:00,11144
2017-12-16 10:00:00+01:00,11331
2017-12-16 10:15:00+01:00,11357
2017-12-16 10:30:00+01:00,11385
2017-12-16 10:45:00+01:00,11144
2017-12-16 11:00:00+01:00,11283
2017-12-16 11:15:00+01:00,11406
2017-12-16 11:30:00+01:00,11560
2017-12-16 11:45:00+01:00,11522
2017-12-16 12:00:00+01:00,11546
2017-12-16 12:15:00+01:00,11532
2017-12-16 12:30:00+01:00,11382
2017-12-16 12:45:00+01:00,11455
2017-12-16 13:00:00+01:00,11345
2017-12-16 13:15:00+01:00,11352
2017-12-16 13:30:00+01:00,11249
2017-12-16 13:45:00+01:00,11281
2017-12-16 14:00:00+01:00,11156
2017-12-16 14:15:00+01:00,11073
2017-12-16 14:30:00+01:00,11034
2017-12-16 14:45:00+01:00,10915
2017-12-16 15:00:00+01:00,10976
2017-12-16 15:15:00+01:00,11089
2017-12-16 15:30:00+01:00,11005
2017-12-16 15:45:00+01:00,10899
2017-12-16 16:00:00+01:00,10969
2017-12-16 16:15:00+01:00,11046
2017-12-16 16:30:00+01:00,11077
2017-12-16 16:45:00+01:00,11236
2017-12-16 17:00:00+01:00,11477
2017-12-16 17:15:00+01:00,11633
2017-12-16 17:30:00+01:00,11742
2017-12-16 17:45:00+01:00,11791
2017-12-16 18:00:00+01:00,11705
2017-12-16 18:15:00+01:00,11757
2017-12-16 18:30:00+01:00,11665
2017-12-16 18:45:00+01:00,11585
2017-12-16 19:00:00+01:00,11439
2017-12-16 19:15:00+01:00,11390
2017-12-16 19:30:00+01:00,11292
2017-12-16 19:45:00+01:00,11182
2017-12-16 20:00:00+01:00,11009
2017-12-16 20:15:00+01:00,10898
2017-12-16 20:30:00+01:00,10760
2017-12-16 20:45:00+01:00,10642
2017-12-16 21:00:00+01:00,10459
2017-12-16 21:15:00+01:00,10344
2017-12-16 21:30:00+01:00,10279
2017-12-16 21:45:00+01:00,10297
2017-12-16 22:00:00+01:00,10463
2017-12-16 22:15:00+01:00,10520
2017-12-16 22:30:00+01:00,10573
2017-12-16 22:45:00+01:00,10664
2017-12-16 23:00:00+01:00,10747
2017-12-16 23:15:00+01:00,10629
2017-12-16 23:30:00+01:00,10508
2017-12-16 23:45:00+01:00,10466
2017-12-17 00:00:00+01:00,10240
2017-12-17 00:15:00+01:00,10030
2017-12-17 00:30:00+01:00,10001
2017-12-17 00:45:00+01:00,9890
2017-12-17 01:00:00+01:00,9958
2017-12-17 01:15:00+01:00,9789
2017-12-17 01:30:00+01:00,9696
2017-12-17 01:45:00+01:00,9563
2017-12-17 02:00:00+01:00,9458
2017-12-17 02:15:00+01:00,9460
2017-12-17 02:30:00+01:00,9341
2017-12-17 02:45:00+01:00,9346
2017-12-17 03:00:00+01:00,9256
2017-12-17 03:15:00+01:00,9169
2017-12-17 03:30:00+01:00,9147
2017-12-17 03:45:00+01:00,9168
2017-12-17 04:00:00+01:00,9031
2017-12-17 04:15:00+01:00,8961
2017-12-17 04:30:00+01:00,8920
2017-12-17 04:45:00+01:00,8924
2017-12-17 05:00:00+01:00,9020
2017-12-17 05:15:00+01:00,9019
2017-12-17 05:30:00+01:00,8981
2017-12-17 05:45:00+01:00,8999
2017-12-17 06:00:00+01:00,9198
2017-12-17 06:15:00+01:00,9218
2017-12-17 06:30:00+01:00,9200
2017-12-17 06:45:00+01:00,9253
2017-12-17 07:00:00+01:00,9228
2017-12-17 07:15:00+01:00,9268
2017-12-17 07:30:00+01:00,9420
2017-12-17 07:45:00+01:00,9523
2017-12-17 08:00:00+01:00,9733
2017-12-17 08:15:00+01:00,9782
2017-12-17 08:30:00+01:00,9889
2017-12-17 08:45:00+01:00,10085
2017-12-17 09:00:00+01:00,10248
2017-12-17 09:15:00+01:00,10306
2017-12-17 09:30:00+01:00,10449
2017-12-17 09:45:00+01:00,10458
2017-12-17 10:00:00+01:00,10590
2017-12-17 10:15:00+01:00,10611
2017-12-17 10:30:00+01:00,10645
2017-12-17 10:45:00+01:00,10686
2017-12-17 11:00:00+01:00,10783
2017-12-17 11:15:00+01:00,10810
2017-12-17 11:30:00+01:00,10927
2017-12-17 11:45:00+01:00,10969
2017-12-17 12:00:00+01:00,10976
2017-12-17 12:15:00+01:00,10988
2017-12-17 12:30:00+01:00,10941
2017-12-17 12:45:00+01:00,10898
2017-12-17 13:00:00+01:00,10750
2017-12-17 13:15:00+01:00,10728
2017-12-17 13:30:00+01:00,10700
2017-12-17 13:45:00+01:00,10560
2017-12-17 14:00:00+01:00,10605
2017-12-17 14:15:00+01:00,10653
2017-12-17 14:30:00+01:00,10556
2017-12-17 14:45:00+01:00,10501
2017-12-17 15:00:00+01:00,10645
2017-12-17 15:15:00+01:00,10521
2017-12-17 15:30:00+01:00,10403
2017-12-17 15:45:00+01:00,10379
2017-12-17 16:00:00+01:00,10428
2017-12-17 16:15:00+01:00,10556
2017-12-17 16:30:00+01:00,10649
2017-12-17 16:45:00+01:00,10926
2017-12-17 17:00:00+01:00,11104
2017-12-17 17:15:00+01:00,11242
2017-12-17 17:30:00+01:00,11235
2017-12-17 17:45:00+01:00,11364
2017-12-17 18:00:00+01:00,11372
2017-12-17 18:15:00+01:00,11391
2017-12-17 18:30:00+01:00,11321
2017-12-17 18:45:00+01:00,11262
2017-12-17 19:00:00+01:00,11192
2017-12-17 19:15:00+01:00,11041
2017-12-17 19:30:00+01:00,10931
2017-12-17 19:45:00+01:00,10834
2017-12-17 20:00:00+01:00,10865
2017-12-17 20:15:00+01:00,10693
2017-12-17 20:30:00+01:00,10668
2017-12-17 20:45:00+01:00,10470
2017-12-17 21:00:00+01:00,10352
2017-12-17 21:15:00+01:00,10239
2017-12-17 21:30:00+01:00,10018
2017-12-17 21:45:00+01:00,9974
2017-12-17 22:00:00+01:00,10013
2017-12-17 22:15:00+01:00,10198
2017-12-17 22:30:00+01:00,10139
2017-12-17 22:45:00+01:00,10169
2017-12-17 23:00:00+01:00,10220
2017-12-17 23:15:00+01:00,10061
2017-12-17 23:30:00+01:00,9929
2017-12-17 23:45:00+01:00,9938
2017-12-18 00:00:00+01:00,9784
2017-12-18 00:15:00+01:00,9766
2017-12-18 00:30:00+01:00,9678
2017-12-18 00:45:00+01:00,9401
2017-12-18 01:00:00+01:00,9445
2017-12-18 01:15:00+01:00,9327
2017-12-18 01:30:00+01:00,9241
2017-12-18 01:45:00+01:00,9099
2017-12-18 02:00:00+01:00,8998
2017-12-18 02:15:00+01:00,8993
2017-12-18 02:30:00+01:00,9009
2017-12-18 02:45:00+01:00,8845
2017-12-18 03:00:00+01:00,8876
2017-12-18 03:15:00+01:00,8722
2017-12-18 03:30:00+01:00,8687
2017-12-18 03:45:00+01:00,8733
2017-12-18 04:00:00+01:00,8758
2017-12-18 04:15:00+01:00,8768
2017-12-18 04:30:00+01:00,8805
2017-12-18 04:45:00+01:00,8888
2017-12-18 05:00:00+01:00,9024
2017-12-18 05:15:00+01:00,9197
2017-12-18 05:30:00+01:00,9347
2017-12-18 05:45:00+01:00,9734
2017-12-18 06:00:00+01:00,10048
2017-12-18 06:15:00+01:00,10434
2017-12-18 06:30:00+01:00,10697
2017-12-18 06:45:00+01:00,11003
2017-12-18 07:00:00+01:00,11194
2017-12-18 07:15:00+01:00,11470
2017-12-18 07:30:00+01:00,11602
2017-12-18 07:45:00+01:00,11748
2017-12-18 08:00:00+01:00,11924
2017-12-18 08:15:00+01:00,12041
2017-12-18 08:30:00+01:00,12033
2017-12-18 08:45:00+01:00,12104
2017-12-18 09:00:00+01:00,12186
2017-12-18 09:15:00+01:00,12115
2017-12-18 09:30:00+01:00,12148
2017-12-18 09:45:00+01:00,12217
2017-12-18 10:00:00+01:00,12221
2017-12-18 10:15:00+01:00,12172
2017-12-18 10:30:00+01:00,12196
2017-12-18 10:45:00+01:00,12219
2017-12-18 11:00:00+01:00,12229
2017-12-18 11:15:00+01:00,12224
2017-12-18 11:30:00+01:00,12283
2017-12-18 11:45:00+01:00,12257
2017-12-18 12:00:00+01:00,12102
2017-12-18 12:15:00+01:00,11999
2017-12-18 12:30:00+01:00,12059
2017-12-18 12:45:00+01:00,12002
2017-12-18 13:00:00+01:00,12040
2017-12-18 13:15:00+01:00,12149
2017-12-18 13:30:00+01:00,12107
2017-12-18 13:45:00+01:00,11960
2017-12-18 14:00:00+01:00,11919
2017-12-18 14:15:00+01:00,11973
2017-12-18 14:30:00+01:00,11940
2017-12-18 14:45:00+01:00,11991
2017-12-18 15:00:00+01:00,12098
2017-12-18 15:15:00+01:00,12005
2017-12-18 15:30:00+01:00,11945
2017-12-18 15:45:00+01:00,12052
2017-12-18 16:00:00+01:00,12066
2017-12-18 16:15:00+01:00,12161
2017-12-18 16:30:00+01:00,12356
2017-12-18 16:45:00+01:00,12553
2017-12-18 17:00:00+01:00,12705
2017-12-18 17:15:00+01:00,12827
2017-12-18 17:30:00+01:00,12950
2017-12-18 17:45:00+01:00,13004
2017-12-18 18:00:00+01:00,12886
2017-12-18 18:15:00+01:00,12821
2017-12-18 18:30:00+01:00,12737
2017-12-18 18:45:00+01:00,12688
2017-12-18 19:00:00+01:00,12496
2017-12-18 19:15:00+01:00,12368
2017-12-18 19:30:00+01:00,12172
2017-12-18 19:45:00+01:00,12017
2017-12-18 20:00:00+01:00,11825
2017-12-18 20:15:00+01:00,11763
2017-12-18 20:30:00+01:00,11578
2017-12-18 20:45:00+01:00,11451
2017-12-18 21:00:00+01:00,11257
2017-12-18 21:15:00+01:00,11066
2017-12-18 21:30:00+01:00,10925
2017-12-18 21:45:00+01:00,10845
2017-12-18 22:00:00+01:00,10922
2017-12-18 22:15:00+01:00,11044
2017-12-18 22:30:00+01:00,11057
2017-12-18 22:45:00+01:00,11040
2017-12-18 23:00:00+01:00,11142
2017-12-18 23:15:00+01:00,11045
2017-12-18 23:30:00+01:00,10933
2017-12-18 23:45:00+01:00,10808
2017-12-19 00:00:00+01:00,10650
2017-12-19 00:15:00+01:00,10483
2017-12-19 00:30:00+01:00,10370
2017-12-19 00:45:00+01:00,10257
2017-12-19 01:00:00+01:00,10142
2017-12-19 01:15:00+01:00,9931
2017-12-19 01:30:00+01:00,9837
2017-12-19 01:45:00+01:00,9659
2017-12-19 02:00:00+01:00,9568
2017-12-19 02:15:00+01:00,9513
2017-12-19 02:30:00+01:00,9453
2017-12-19 02:45:00+01:00,9390
2017-12-19 03:00:00+01:00,9399
2017-12-19 03:15:00+01:00,9401
2017-12-19 03:30:00+01:00,9400
2017-12-19 03:45:00+01:00,9357
2017-12-19 04:00:00+01:00,9388
2017-12-19 04:15:00+01:00,9408
2017-12-19 04:30:00+01:00,9419
2017-12-19 04:45:00+01:00,9460
2017-12-19 05:00:00+01:00,9689
2017-12-19 05:15:00+01:00,9786
2017-12-19 05:30:00+01:00,9948
2017-12-19 05:45:00+01:00,10140
2017-12-19 06:00:00+01:00,10603
2017-12-19 06:15:00+01:00,10914
2017-12-19 06:30:00+01:00,11183
2017-12-19 06:45:00+01:00,11453
2017-12-19 07:00:00+01:00,11600
2017-12-19 07:15:00+01:00,11805
2017-12-19 07:30:00+01:00,12080
2017-12-19 07:45:00+01:00,12189
2017-12-19 08:00:00+01:00,12446
2017-12-19 08:15:00+01:00,12546
2017-12-19 08:30:00+01:00,12490
2017-12-19 08:45:00+01:00,12525
2017-12-19 09:00:00+01:00,12593
2017-12-19 09:15:00+01:00,12547
2017-12-19 09:30:00+01:00,12588
2017-12-19 09:45:00+01:00,12575
2017-12-19 10:00:00+01:00,12433
2017-12-19 10:15:00+01:00,12389
2017-12-19 10:30:00+01:00,12358
2017-12-19 10:45:00+01:00,12421
2017-12-19 11:00:00+01:00,12412
2017-12-19 11:15:00+01:00,12476
2017-12-19 11:30:00+01:00,12502
2017-12-19 11:45:00+01:00,12433
2017-12-19 12:00:00+01:00,12317
2017-12-19 12:15:00+01:00,12247
2017-12-19 12:30:00+01:00,12207
2017-12-19 12:45:00+01:00,12217
2017-12-19 13:00:00+01:00,12222
2017-12-19 13:15:00+01:00,12189
2017-12-19 13:30:00+01:00,12177
2017-12-19 13:45:00+01:00,12144
2017-12-19 14:00:00+01:00,12115
2017-12-19 14:15:00+01:00,12117
2017-12-19 14:30:00+01:00,12203
2017-12-19 14:45:00+01:00,12191
2017-12-19 15:00:00+01:00,12238
2017-12-19 15:15:00+01:00,12212
2017-12-19 15:30:00+01:00,12270
2017-12-19 15:45:00+01:00,12162
2017-12-19 16:00:00+01:00,12146
2017-12-19 16:15:00+01:00,12316
2017-12-19 16:30:00+01:00,12353
2017-12-19 16:45:00+01:00,12601
2017-12-19 17:00:00+01:00,12753
2017-12-19 17:15:00+01:00,12852
2017-12-19 17:30:00+01:00,12927
2017-12-19 17:45:00+01:00,12978
2017-12-19 18:00:00+01:00,12842
2017-12-19 18:15:00+01:00,12840
2017-12-19 18:30:00+01:00,12819
2017-12-19 18:45:00+01:00,12653
2017-12-19 19:00:00+01:00,12522
2017-12-19 19:15:00+01:00,12427
2017-12-19 19:30:00+01:00,12308
2017-12-19 19:45:00+01:00,12107
2017-12-19 20:00:00+01:00,11821
2017-12-19 20:15:00+01:00,11653
2017-12-19 20:30:00+01:00,11525
2017-12-19 20:45:00+01:00,11351
2017-12-19 21:00:00+01:00,11194
2017-12-19 21:15:00+01:00,11169
2017-12-19 21:30:00+01:00,10930
2017-12-19 21:45:00+01:00,10867
2017-12-19 22:00:00+01:00,10932
2017-12-19 22:15:00+01:00,11129
2017-12-19 22:30:00+01:00,11192
2017-12-19 22:45:00+01:00,11172
2017-12-19 23:00:00+01:00,11240
2017-12-19 23:15:00+01:00,11089
2017-12-19 23:30:00+01:00,10940
2017-12-19 23:45:00+01:00,10749
2017-12-20 00:00:00+01:00,10604
2017-12-20 00:15:00+01:00,10449
2017-12-20 00:30:00+01:00,10252
2017-12-20 00:45:00+01:00,10137
2017-12-20 01:00:00+01:00,10123
2017-12-20 01:15:00+01:00,9889
2017-12-20 01:30:00+01:00,9805
2017-12-20 01:45:00+01:00,9758
2017-12-20 02:00:00+01:00,9695
2017-12-20 02:15:00+01:00,9627
2017-12-20 02:30:00+01:00,9498
2017-12-20 02:45:00+01:00,9441
2017-12-20 03:00:00+01:00,9383
2017-12-20 03:15:00+01:00,9325
2017-12-20 03:30:00+01:00,9259
2017-12-20 03:45:00+01:00,9253
2017-12-20 04:00:00+01:00,9287
2017-12-20 04:15:00+01:00,9256
2017-12-20 04:30:00+01:00,9254
2017-12-20 04:45:00+01:00,9271
2017-12-20 05:00:00+01:00,9496
2017-12-20 05:15:00+01:00,9666
2017-12-20 05:30:00+01:00,9845
2017-12-20 05:45:00+01:00,10087
2017-12-20 06:00:00+01:00,10465
2017-12-20 06:15:00+01:00,10697
2017-12-20 06:30:00+01:00,10960
2017-12-20 06:45:00+01:00,11205
2017-12-20 07:00:00+01:00,11454
2017-12-20 07:15:00+01:00,11732
2017-12-20 07:30:00+01:00,11999
2017-12-20 07:45:00+01:00,12154
2017-12-20 08:00:00+01:00,12380
2017-12-20 08:15:00+01:00,12415
2017-12-20 08:30:00+01:00,12408
2017-12-20 08:45:00+01:00,12380
2017-12-20 09:00:00+01:00,12420
2017-12-20 09:15:00+01:00,12464
2017-12-20 09:30:00+01:00,12494
2017-12-20 09:45:00+01:00,12494
2017-12-20 10:00:00+01:00,12483
2017-12-20 10:15:00+01:00,12506
2017-12-20 10:30:00+01:00,12506
2017-12-20 10:45:00+01:00,12623
2017-12-20 11:00:00+01:00,12563
2017-12-20 11:15:00+01:00,12604
2017-12-20 11:30:00+01:00,12651
2017-12-20 11:45:00+01:00,12659
2017-12-20 12:00:00+01:00,12526
2017-12-20 12:15:00+01:00,12470
2017-12-20 12:30:00+01:00,12459
2017-12-20 12:45:00+01:00,12421
2017-12-20 13:00:00+01:00,12434
2017-12-20 13:15:00+01:00,12475
2017-12-20 13:30:00+01:00,12415
2017-12-20 13:45:00+01:00,12394
2017-12-20 14:00:00+01:00,12350
2017-12-20 14:15:00+01:00,12284
2017-12-20 14:30:00+01:00,12282
2017-12-20 14:45:00+01:00,12234
2017-12-20 15:00:00+01:00,12235
2017-12-20 15:15:00+01:00,12244
2017-12-20 15:30:00+01:00,12243
2017-12-20 15:45:00+01:00,12199
2017-12-20 16:00:00+01:00,12186
2017-12-20 16:15:00+01:00,12168
2017-12-20 16:30:00+01:00,12228
2017-12-20 16:45:00+01:00,12417
2017-12-20 17:00:00+01:00,12570
2017-12-20 17:15:00+01:00,12696
2017-12-20 17:30:00+01:00,12799
2017-12-20 17:45:00+01:00,12783
2017-12-20 18:00:00+01:00,12674
2017-12-20 18:15:00+01:00,12573
2017-12-20 18:30:00+01:00,12576
2017-12-20 18:45:00+01:00,12549
2017-12-20 19:00:00+01:00,12309
2017-12-20 19:15:00+01:00,12107
2017-12-20 19:30:00+01:00,12025
2017-12-20 19:45:00+01:00,11854
2017-12-20 20:00:00+01:00,11667
2017-12-20 20:15:00+01:00,11511
2017-12-20 20:30:00+01:00,11347
2017-12-20 20:45:00+01:00,11217
2017-12-20 21:00:00+01:00,11063
2017-12-20 21:15:00+01:00,10917
2017-12-20 21:30:00+01:00,10791
2017-12-20 21:45:00+01:00,10660
2017-12-20 22:00:00+01:00,10768
2017-12-20 22:15:00+01:00,10932
2017-12-20 22:30:00+01:00,10922
2017-12-20 22:45:00+01:00,10855
2017-12-20 23:00:00+01:00,10998
2017-12-20 23:15:00+01:00,10854
2017-12-20 23:30:00+01:00,10648
2017-12-20 23:45:00+01:00,10459
2017-12-21 00:00:00+01:00,10251
2017-12-21 00:15:00+01:00,10064
2017-12-21 00:30:00+01:00,9904
2017-12-21 00:45:00+01:00,9744
2017-12-21 01:00:00+01:00,9687
2017-12-21 01:15:00+01:00,9490
2017-12-21 01:30:00+01:00,9442
2017-12-21 01:45:00+01:00,9354
2017-12-21 02:00:00+01:00,9306
2017-12-21 02:15:00+01:00,9239
2017-12-21 02:30:00+01:00,9177
2017-12-21 02:45:00+01:00,9133
2017-12-21 03:00:00+01:00,9154
2017-12-21 03:15:00+01:00,9113
2017-12-21 03:30:00+01:00,9077
2017-12-21 03:45:00+01:00,9008
2017-12-21 04:00:00+01:00,8984
2017-12-21 04:15:00+01:00,8984
2017-12-21 04:30:00+01:00,8962
2017-12-21 04:45:00+01:00,8976
2017-12-21 05:00:00+01:00,9130
2017-12-21 05:15:00+01:00,9249
2017-12-21 05:30:00+01:00,9369
2017-12-21 05:45:00+01:00,9544
2017-12-21 06:00:00+01:00,9949
2017-12-21 06:15:00+01:00,10255
2017-12-21 06:30:00+01:00,10582
2017-12-21 06:45:00+01:00,10842
2017-12-21 07:00:00+01:00,11115
2017-12-21 07:15:00+01:00,11352
2017-12-21 07:30:00+01:00,11571
2017-12-21 07:45:00+01:00,11714
2017-12-21 08:00:00+01:00,11868
2017-12-21 08:15:00+01:00,12008
2017-12-21 08:30:00+01:00,12190
2017-12-21 08:45:00+01:00,12160
2017-12-21 09:00:00+01:00,12234
2017-12-21 09:15:00+01:00,12202
2017-12-21 09:30:00+01:00,12311
2017-12-21 09:45:00+01:00,12218
2017-12-21 10:00:00+01:00,12087
2017-12-21 10:15:00+01:00,12097
2017-12-21 10:30:00+01:00,12140
2017-12-21 10:45:00+01:00,12103
2017-12-21 11:00:00+01:00,12097
2017-12-21 11:15:00+01:00,12159
2017-12-21 11:30:00+01:00,12151
2017-12-21 11:45:00+01:00,12165
2017-12-21 12:00:00+01:00,12108
2017-12-21 12:15:00+01:00,12045
2017-12-21 12:30:00+01:00,12080
2017-12-21 12:45:00+01:00,12085
2017-12-21 13:00:00+01:00,12085
2017-12-21 13:15:00+01:00,12071
2017-12-21 13:30:00+01:00,12066
2017-12-21 13:45:00+01:00,12006
2017-12-21 14:00:00+01:00,11959
2017-12-21 14:15:00+01:00,11904
2017-12-21 14:30:00+01:00,11893
2017-12-21 14:45:00+01:00,11901
2017-12-21 15:00:00+01:00,11897
2017-12-21 15:15:00+01:00,11880
2017-12-21 15:30:00+01:00,11876
2017-12-21 15:45:00+01:00,11939
2017-12-21 16:00:00+01:00,11895
2017-12-21 16:15:00+01:00,11931
2017-12-21 16:30:00+01:00,11985
2017-12-21 16:45:00+01:00,12177
2017-12-21 17:00:00+01:00,12283
2017-12-21 17:15:00+01:00,12387
2017-12-21 17:30:00+01:00,12468
2017-12-21 17:45:00+01:00,12515
2017-12-21 18:00:00+01:00,12448
2017-12-21 18:15:00+01:00,12342
2017-12-21 18:30:00+01:00,12286
2017-12-21 18:45:00+01:00,12253
2017-12-21 19:00:00+01:00,12114
2017-12-21 19:15:00+01:00,11961
2017-12-21 19:30:00+01:00,11802
2017-12-21 19:45:00+01:00,11647
2017-12-21 20:00:00+01:00,11513
2017-12-21 20:15:00+01:00,11234
2017-12-21 20:30:00+01:00,11050
2017-12-21 20:45:00+01:00,10930
2017-12-21 21:00:00+01:00,10857
2017-12-21 21:15:00+01:00,10733
2017-12-21 21:30:00+01:00,10632
2017-12-21 21:45:00+01:00,10596
2017-12-21 22:00:00+01:00,10648
2017-12-21 22:15:00+01:00,10861
2017-12-21 22:30:00+01:00,10817
2017-12-21 22:45:00+01:00,10753
2017-12-21 23:00:00+01:00,10847
2017-12-21 23:15:00+01:00,10763
2017-12-21 23:30:00+01:00,10566
2017-12-21 23:45:00+01:00,10415
2017-12-22 00:00:00+01:00,10246
2017-12-22 00:15:00+01:00,10025
2017-12-22 00:30:00+01:00,9847
2017-12-22 00:45:00+01:00,9664
2017-12-22 01:00:00+01:00,9548
2017-12-22 01:15:00+01:00,9380
2017-12-22 01:30:00+01:00,9276
2017-12-22 01:45:00+01:00,9097
2017-12-22 02:00:00+01:00,9007
2017-12-22 02:15:00+01:00,8937
2017-12-22 02:30:00+01:00,8901
2017-12-22 02:45:00+01:00,8808
2017-12-22 03:00:00+01:00,8867
2017-12-22 03:15:00+01:00,8861
2017-12-22 03:30:00+01:00,8760
2017-12-22 03:45:00+01:00,8769
2017-12-22 04:00:00+01:00,8778
2017-12-22 04:15:00+01:00,8793
2017-12-22 04:30:00+01:00,8913
2017-12-22 04:45:00+01:00,8993
2017-12-22 05:00:00+01:00,9110
2017-12-22 05:15:00+01:00,9205
2017-12-22 05:30:00+01:00,9336
2017-12-22 05:45:00+01:00,9487
2017-12-22 06:00:00+01:00,9862
2017-12-22 06:15:00+01:00,10175
2017-12-22 06:30:00+01:00,10399
2017-12-22 06:45:00+01:00,10657
2017-12-22 07:00:00+01:00,10820
2017-12-22 07:15:00+01:00,10981
2017-12-22 07:30:00+01:00,11260
2017-12-22 07:45:00+01:00,11451
2017-12-22 08:00:00+01:00,11629
2017-12-22 08:15:00+01:00,11729
2017-12-22 08:30:00+01:00,11712
2017-12-22 08:45:00+01:00,11720
2017-12-22 09:00:00+01:00,11698
2017-12-22 09:15:00+01:00,11750
2017-12-22 09:30:00+01:00,11793
2017-12-22 09:45:00+01:00,11835
2017-12-22 10:00:00+01:00,11780
2017-12-22 10:15:00+01:00,11746
2017-12-22 10:30:00+01:00,11703
2017-12-22 10:45:00+01:00,11779
2017-12-22 11:00:00+01:00,11743
2017-12-22 11:15:00+01:00,11783
2017-12-22 11:30:00+01:00,11823
2017-12-22 11:45:00+01:00,11826
2017-12-22 12:00:00+01:00,11788
2017-12-22 12:15:00+01:00,11702
2017-12-22 12:30:00+01:00,11661
2017-12-22 12:45:00+01:00,11592
2017-12-22 13:00:00+01:00,11543
2017-12-22 13:15:00+01:00,11491
2017-12-22 13:30:00+01:00,11461
2017-12-22 13:45:00+01:00,11406
2017-12-22 14:00:00+01:00,11303
2017-12-22 14:15:00+01:00,11355
2017-12-22 14:30:00+01:00,11328
2017-12-22 14:45:00+01:00,11286
2017-12-22 15:00:00+01:00,11280
2017-12-22 15:15:00+01:00,11257
2017-12-22 15:30:00+01:00,11244
2017-12-22 15:45:00+01:00,11204
2017-12-22 16:00:00+01:00,11275
2017-12-22 16:15:00+01:00,11338
2017-12-22 16:30:00+01:00,11481
2017-12-22 16:45:00+01:00,11671
2017-12-22 17:00:00+01:00,11817
2017-12-22 17:15:00+01:00,11864
2017-12-22 17:30:00+01:00,11923
2017-12-22 17:45:00+01:00,11951
2017-12-22 18:00:00+01:00,11786
2017-12-22 18:15:00+01:00,11721
2017-12-22 18:30:00+01:00,11638
2017-12-22 18:45:00+01:00,11495
2017-12-22 19:00:00+01:00,11397
2017-12-22 19:15:00+01:00,11246
2017-12-22 19:30:00+01:00,11160
2017-12-22 19:45:00+01:00,10995
2017-12-22 20:00:00+01:00,10906
2017-12-22 20:15:00+01:00,10776
2017-12-22 20:30:00+01:00,10629
2017-12-22 20:45:00+01:00,10535
2017-12-22 21:00:00+01:00,10395
2017-12-22 21:15:00+01:00,10315
2017-12-22 21:30:00+01:00,10126
2017-12-22 21:45:00+01:00,10045
2017-12-22 22:00:00+01:00,10212
2017-12-22 22:15:00+01:00,10401
2017-12-22 22:30:00+01:00,10426
2017-12-22 22:45:00+01:00,10381
2017-12-22 23:00:00+01:00,10522
2017-12-22 23:15:00+01:00,10468
2017-12-22 23:30:00+01:00,10346
2017-12-22 23:45:00+01:00,10151
2017-12-23 00:00:00+01:00,9932
2017-12-23 00:15:00+01:00,9734
2017-12-23 00:30:00+01:00,9529
2017-12-23 00:45:00+01:00,9394
2017-12-23 01:00:00+01:00,9368
2017-12-23 01:15:00+01:00,9159
2017-12-23 01:30:00+01:00,9010
2017-12-23 01:45:00+01:00,8865
2017-12-23 02:00:00+01:00,8681
2017-12-23 02:15:00+01:00,8625
2017-12-23 02:30:00+01:00,8554
2017-12-23 02:45:00+01:00,8459
2017-12-23 03:00:00+01:00,8373
2017-12-23 03:15:00+01:00,8356
2017-12-23 03:30:00+01:00,8377
2017-12-23 03:45:00+01:00,8304
2017-12-23 04:00:00+01:00,8256
2017-12-23 04:15:00+01:00,8167
2017-12-23 04:30:00+01:00,8155
2017-12-23 04:45:00+01:00,8218
2017-12-23 05:00:00+01:00,8264
2017-12-23 05:15:00+01:00,8289
2017-12-23 05:30:00+01:00,8395
2017-12-23 05:45:00+01:00,8495
2017-12-23 06:00:00+01:00,8621
2017-12-23 06:15:00+01:00,8643
2017-12-23 06:30:00+01:00,8699
2017-12-23 06:45:00+01:00,8776
2017-12-23 07:00:00+01:00,8759
2017-12-23 07:15:00+01:00,8869
2017-12-23 07:30:00+01:00,8984
2017-12-23 07:45:00+01:00,9137
2017-12-23 08:00:00+01:00,9332
2017-12-23 08:15:00+01:00,9506
2017-12-23 08:30:00+01:00,9601
2017-12-23 08:45:00+01:00,9681
2017-12-23 09:00:00+01:00,9796
2017-12-23 09:15:00+01:00,9931
2017-12-23 09:30:00+01:00,10056
2017-12-23 09:45:00+01:00,10134
2017-12-23 10:00:00+01:00,10225
2017-12-23 10:15:00+01:00,10322
2017-12-23 10:30:00+01:00,10290
2017-12-23 10:45:00+01:00,10300
2017-12-23 11:00:00+01:00,10323
2017-12-23 11:15:00+01:00,10426
2017-12-23 11:30:00+01:00,10571
2017-12-23 11:45:00+01:00,10509
2017-12-23 12:00:00+01:00,10468
2017-12-23 12:15:00+01:00,10430
2017-12-23 12:30:00+01:00,10412
2017-12-23 12:45:00+01:00,10401
2017-12-23 13:00:00+01:00,10356
2017-12-23 13:15:00+01:00,10347
2017-12-23 13:30:00+01:00,10340
2017-12-23 13:45:00+01:00,10298
2017-12-23 14:00:00+01:00,10347
2017-12-23 14:15:00+01:00,10270
2017-12-23 14:30:00+01:00,10255
2017-12-23 14:45:00+01:00,10168
2017-12-23 15:00:00+01:00,10234
2017-12-23 15:15:00+01:00,10249
2017-12-23 15:30:00+01:00,10198
2017-12-23 15:45:00+01:00,10265
2017-12-23 16:00:00+01:00,10208
2017-12-23 16:15:00+01:00,10214
2017-12-23 16:30:00+01:00,10355
2017-12-23 16:45:00+01:00,10577
2017-12-23 17:00:00+01:00,10700
2017-12-23 17:15:00+01:00,10730
2017-12-23 17:30:00+01:00,10865
2017-12-23 17:45:00+01:00,10899
2017-12-23 18:00:00+01:00,10813
2017-12-23 18:15:00+01:00,10822
2017-12-23 18:30:00+01:00,10675
2017-12-23 18:45:00+01:00,10604
2017-12-23 19:00:00+01:00,10504
2017-12-23 19:15:00+01:00,10433
2017-12-23 19:30:00+01:00,10344
2017-12-23 19:45:00+01:00,10297
2017-12-23 20:00:00+01:00,10110
2017-12-23 20:15:00+01:00,9991
2017-12-23 20:30:00+01:00,9822
2017-12-23 20:45:00+01:00,9706
2017-12-23 21:00:00+01:00,9461
2017-12-23 21:15:00+01:00,9405
2017-12-23 21:30:00+01:00,9280
2017-12-23 21:45:00+01:00,9125
2017-12-23 22:00:00+01:00,9165
2017-12-23 22:15:00+01:00,9355
2017-12-23 22:30:00+01:00,9288
2017-12-23 22:45:00+01:00,9322
2017-12-23 23:00:00+01:00,9447
2017-12-23 23:15:00+01:00,9319
2017-12-23 23:30:00+01:00,9239
2017-12-23 23:45:00+01:00,9105
2017-12-24 00:00:00+01:00,8976
2017-12-24 00:15:00+01:00,8893
2017-12-24 00:30:00+01:00,8686
2017-12-24 00:45:00+01:00,8479
2017-12-24 01:00:00+01:00,8436
2017-12-24 01:15:00+01:00,8302
2017-12-24 01:30:00+01:00,8095
2017-12-24 01:45:00+01:00,7976
2017-12-24 02:00:00+01:00,7911
2017-12-24 02:15:00+01:00,7850
2017-12-24 02:30:00+01:00,7784
2017-12-24 02:45:00+01:00,7772
2017-12-24 03:00:00+01:00,7695
2017-12-24 03:15:00+01:00,7638
2017-12-24 03:30:00+01:00,7616
2017-12-24 03:45:00+01:00,7558
2017-12-24 04:00:00+01:00,7498
2017-12-24 04:15:00+01:00,7504
2017-12-24 04:30:00+01:00,7470
2017-12-24 04:45:00+01:00,7520
2017-12-24 05:00:00+01:00,7617
2017-12-24 05:15:00+01:00,7575
2017-12-24 05:30:00+01:00,7582
2017-12-24 05:45:00+01:00,7619
2017-12-24 06:00:00+01:00,7775
2017-12-24 06:15:00+01:00,7794
2017-12-24 06:30:00+01:00,7810
2017-12-24 06:45:00+01:00,7876
2017-12-24 07:00:00+01:00,7864
2017-12-24 07:15:00+01:00,7899
2017-12-24 07:30:00+01:00,7990
2017-12-24 07:45:00+01:00,8016
2017-12-24 08:00:00+01:00,8280
2017-12-24 08:15:00+01:00,8505
2017-12-24 08:30:00+01:00,8567
2017-12-24 08:45:00+01:00,8685
2017-12-24 09:00:00+01:00,8855
2017-12-24 09:15:00+01:00,8943
2017-12-24 09:30:00+01:00,9063
2017-12-24 09:45:00+01:00,9190
2017-12-24 10:00:00+01:00,9380
2017-12-24 10:15:00+01:00,9435
2017-12-24 10:30:00+01:00,9483
2017-12-24 10:45:00+01:00,9618
2017-12-24 11:00:00+01:00,9635
2017-12-24 11:15:00+01:00,9745
2017-12-24 11:30:00+01:00,9865
2017-12-24 11:45:00+01:00,9862
2017-12-24 12:00:00+01:00,9863
2017-12-24 12:15:00+01:00,9940
2017-12-24 12:30:00+01:00,9832
2017-12-24 12:45:00+01:00,9919
2017-12-24 13:00:00+01:00,9922
2017-12-24 13:15:00+01:00,9876
2017-12-24 13:30:00+01:00,9887
2017-12-24 13:45:00+01:00,9804
2017-12-24 14:00:00+01:00,9717
2017-12-24 14:15:00+01:00,9650
2017-12-24 14:30:00+01:00,9572
2017-12-24 14:45:00+01:00,9555
2017-12-24 15:00:00+01:00,9626
2017-12-24 15:15:00+01:00,9589
2017-12-24 15:30:00+01:00,9577
2017-12-24 15:45:00+01:00,9581
2017-12-24 16:00:00+01:00,9574
2017-12-24 16:15:00+01:00,9606
2017-12-24 16:30:00+01:00,9671
2017-12-24 16:45:00+01:00,9802
2017-12-24 17:00:00+01:00,9905
2017-12-24 17:15:00+01:00,9941
2017-12-24 17:30:00+01:00,9914
2017-12-24 17:45:00+01:00,9849
2017-12-24 18:00:00+01:00,9714
2017-12-24 18:15:00+01:00,9599
2017-12-24 18:30:00+01:00,9536
2017-12-24 18:45:00+01:00,9494
2017-12-24 19:00:00+01:00,9389
2017-12-24 19:15:00+01:00,9293
2017-12-24 19:30:00+01:00,9242
2017-12-24 19:45:00+01:00,9163
2017-12-24 20:00:00+01:00,9135
2017-12-24 20:15:00+01:00,9136
2017-12-24 20:30:00+01:00,9036
2017-12-24 20:45:00+01:00,8988
2017-12-24 21:00:00+01:00,8929
2017-12-24 21:15:00+01:00,8828
2017-12-24 21:30:00+01:00,8743
2017-12-24 21:45:00+01:00,8730
2017-12-24 22:00:00+01:00,8792
2017-12-24 22:15:00+01:00,8876
2017-12-24 22:30:00+01:00,8961
2017-12-24 22:45:00+01:00,9036
2017-12-24 23:00:00+01:00,9139
2017-12-24 23:15:00+01:00,9127
2017-12-24 23:30:00+01:00,8980
2017-12-24 23:45:00+01:00,8899
2017-12-25 00:00:00+01:00,8836
2017-12-25 00:15:00+01:00,8724
2017-12-25 00:30:00+01:00,8622
2017-12-25 00:45:00+01:00,8519
2017-12-25 01:00:00+01:00,8398
2017-12-25 01:15:00+01:00,8175
2017-12-25 01:30:00+01:00,7973
2017-12-25 01:45:00+01:00,7794
2017-12-25 02:00:00+01:00,7686
2017-12-25 02:15:00+01:00,7635
2017-12-25 02:30:00+01:00,7584
2017-12-25 02:45:00+01:00,7452
2017-12-25 03:00:00+01:00,7481
2017-12-25 03:15:00+01:00,7379
2017-12-25 03:30:00+01:00,7283
2017-12-25 03:45:00+01:00,7266
2017-12-25 04:00:00+01:00,7267
2017-12-25 04:15:00+01:00,7259
2017-12-25 04:30:00+01:00,7233
2017-12-25 04:45:00+01:00,7227
2017-12-25 05:00:00+01:00,7237
2017-12-25 05:15:00+01:00,7216
2017-12-25 05:30:00+01:00,7302
2017-12-25 05:45:00+01:00,7346
2017-12-25 06:00:00+01:00,7425
2017-12-25 06:15:00+01:00,7389
2017-12-25 06:30:00+01:00,7419
2017-12-25 06:45:00+01:00,7507
2017-12-25 07:00:00+01:00,7450
2017-12-25 07:15:00+01:00,7352
2017-12-25 07:30:00+01:00,7436
2017-12-25 07:45:00+01:00,7487
2017-12-25 08:00:00+01:00,7583
2017-12-25 08:15:00+01:00,7659
2017-12-25 08:30:00+01:00,7721
2017-12-25 08:45:00+01:00,7823
2017-12-25 09:00:00+01:00,7908
2017-12-25 09:15:00+01:00,7987
2017-12-25 09:30:00+01:00,8064
2017-12-25 09:45:00+01:00,8263
2017-12-25 10:00:00+01:00,8369
2017-12-25 10:15:00+01:00,8544
2017-12-25 10:30:00+01:00,8596
2017-12-25 10:45:00+01:00,8685
2017-12-25 11:00:00+01:00,8806
2017-12-25 11:15:00+01:00,8806
2017-12-25 11:30:00+01:00,8805
2017-12-25 11:45:00+01:00,8827
2017-12-25 12:00:00+01:00,8867
2017-12-25 12:15:00+01:00,8894
2017-12-25 12:30:00+01:00,8983
2017-12-25 12:45:00+01:00,8919
2017-12-25 13:00:00+01:00,8932
2017-12-25 13:15:00+01:00,8842
2017-12-25 13:30:00+01:00,8874
2017-12-25 13:45:00+01:00,8803
2017-12-25 14:00:00+01:00,8718
2017-12-25 14:15:00+01:00,8656
2017-12-25 14:30:00+01:00,8583
2017-12-25 14:45:00+01:00,8590
2017-12-25 15:00:00+01:00,8643
2017-12-25 15:15:00+01:00,8581
2017-12-25 15:30:00+01:00,8546
2017-12-25 15:45:00+01:00,8532
2017-12-25 16:00:00+01:00,8581
2017-12-25 16:15:00+01:00,8588
2017-12-25 16:30:00+01:00,8597
2017-12-25 16:45:00+01:00,8700
2017-12-25 17:00:00+01:00,8802
2017-12-25 17:15:00+01:00,8932
2017-12-25 17:30:00+01:00,9061
2017-12-25 17:45:00+01:00,9095
2017-12-25 18:00:00+01:00,9096
2017-12-25 18:15:00+01:00,9017
2017-12-25 18:30:00+01:00,8998
2017-12-25 18:45:00+01:00,8978
2017-12-25 19:00:00+01:00,8977
2017-12-25 19:15:00+01:00,8919
2017-12-25 19:30:00+01:00,8797
2017-12-25 19:45:00+01:00,8732
2017-12-25 20:00:00+01:00,8689
2017-12-25 20:15:00+01:00,8711
2017-12-25 20:30:00+01:00,8623
2017-12-25 20:45:00+01:00,8579
2017-12-25 21:00:00+01:00,8482
2017-12-25 21:15:00+01:00,8402
2017-12-25 21:30:00+01:00,8285
2017-12-25 21:45:00+01:00,8297
2017-12-25 22:00:00+01:00,8509
2017-12-25 22:15:00+01:00,8668
2017-12-25 22:30:00+01:00,8752
2017-12-25 22:45:00+01:00,8718
2017-12-25 23:00:00+01:00,8917
2017-12-25 23:15:00+01:00,8842
2017-12-25 23:30:00+01:00,8730
2017-12-25 23:45:00+01:00,8639
2017-12-26 00:00:00+01:00,8497
2017-12-26 00:15:00+01:00,8401
2017-12-26 00:30:00+01:00,8274
2017-12-26 00:45:00+01:00,8147
2017-12-26 01:00:00+01:00,8104
2017-12-26 01:15:00+01:00,7964
2017-12-26 01:30:00+01:00,7882
2017-12-26 01:45:00+01:00,7770
2017-12-26 02:00:00+01:00,7739
2017-12-26 02:15:00+01:00,7674
2017-12-26 02:30:00+01:00,7610
2017-12-26 02:45:00+01:00,7552
2017-12-26 03:00:00+01:00,7544
2017-12-26 03:15:00+01:00,7373
2017-12-26 03:30:00+01:00,7305
2017-12-26 03:45:00+01:00,7386
2017-12-26 04:00:00+01:00,7449
2017-12-26 04:15:00+01:00,7290
2017-12-26 04:30:00+01:00,7425
2017-12-26 04:45:00+01:00,7471
2017-12-26 05:00:00+01:00,7595
2017-12-26 05:15:00+01:00,7651
2017-12-26 05:30:00+01:00,7721
2017-12-26 05:45:00+01:00,7923
2017-12-26 06:00:00+01:00,8079
2017-12-26 06:15:00+01:00,8234
2017-12-26 06:30:00+01:00,8429
2017-12-26 06:45:00+01:00,8558
2017-12-26 07:00:00+01:00,8561
2017-12-26 07:15:00+01:00,8590
2017-12-26 07:30:00+01:00,8780
2017-12-26 07:45:00+01:00,8910
2017-12-26 08:00:00+01:00,9128
2017-12-26 08:15:00+01:00,9250
2017-12-26 08:30:00+01:00,9357
2017-12-26 08:45:00+01:00,9388
2017-12-26 09:00:00+01:00,9547
2017-12-26 09:15:00+01:00,9682
2017-12-26 09:30:00+01:00,9758
2017-12-26 09:45:00+01:00,9841
2017-12-26 10:00:00+01:00,9814
2017-12-26 10:15:00+01:00,9833
2017-12-26 10:30:00+01:00,9887
2017-12-26 10:45:00+01:00,9827
2017-12-26 11:00:00+01:00,9825
2017-12-26 11:15:00+01:00,9919
2017-12-26 11:30:00+01:00,10031
2017-12-26 11:45:00+01:00,10094
2017-12-26 12:00:00+01:00,10144
2017-12-26 12:15:00+01:00,10125
2017-12-26 12:30:00+01:00,10086
2017-12-26 12:45:00+01:00,10046
2017-12-26 13:00:00+01:00,10082
2017-12-26 13:15:00+01:00,10109
2017-12-26 13:30:00+01:00,10086
2017-12-26 13:45:00+01:00,10071
2017-12-26 14:00:00+01:00,10114
2017-12-26 14:15:00+01:00,10046
2017-12-26 14:30:00+01:00,9986
2017-12-26 14:45:00+01:00,9960
2017-12-26 15:00:00+01:00,10060
2017-12-26 15:15:00+01:00,9985
2017-12-26 15:30:00+01:00,9947
2017-12-26 15:45:00+01:00,9966
2017-12-26 16:00:00+01:00,9897
2017-12-26 16:15:00+01:00,9995
2017-12-26 16:30:00+01:00,10162
2017-12-26 16:45:00+01:00,10306
2017-12-26 17:00:00+01:00,10600
2017-12-26 17:15:00+01:00,10700
2017-12-26 17:30:00+01:00,10822
2017-12-26 17:45:00+01:00,10809
2017-12-26 18:00:00+01:00,10736
2017-12-26 18:15:00+01:00,10711
2017-12-26 18:30:00+01:00,10743
2017-12-26 18:45:00+01:00,10663
2017-12-26 19:00:00+01:00,10564
2017-12-26 19:15:00+01:00,10499
2017-12-26 19:30:00+01:00,10341
2017-12-26 19:45:00+01:00,10232
2017-12-26 20:00:00+01:00,10106
2017-12-26 20:15:00+01:00,10011
2017-12-26 20:30:00+01:00,9869
2017-12-26 20:45:00+01:00,9792
2017-12-26 21:00:00+01:00,9579
2017-12-26 21:15:00+01:00,9484
2017-12-26 21:30:00+01:00,9353
2017-12-26 21:45:00+01:00,9328
2017-12-26 22:00:00+01:00,9478
2017-12-26 22:15:00+01:00,9604
2017-12-26 22:30:00+01:00,9680
2017-12-26 22:45:00+01:00,9665
2017-12-26 23:00:00+01:00,9786
2017-12-26 23:15:00+01:00,9618
2017-12-26 23:30:00+01:00,9462
2017-12-26 23:45:00+01:00,9338
2017-12-27 00:00:00+01:00,9185
2017-12-27 00:15:00+01:00,8994
2017-12-27 00:30:00+01:00,8799
2017-12-27 00:45:00+01:00,8632
2017-12-27 01:00:00+01:00,8537
2017-12-27 01:15:00+01:00,8420
2017-12-27 01:30:00+01:00,8316
2017-12-27 01:45:00+01:00,8146
2017-12-27 02:00:00+01:00,8100
2017-12-27 02:15:00+01:00,7973
2017-12-27 02:30:00+01:00,7926
2017-12-27 02:45:00+01:00,7825
2017-12-27 03:00:00+01:00,7847
2017-12-27 03:15:00+01:00,7774
2017-12-27 03:30:00+01:00,7753
2017-12-27 03:45:00+01:00,7747
2017-12-27 04:00:00+01:00,7764
2017-12-27 04:15:00+01:00,7770
2017-12-27 04:30:00+01:00,7826
2017-12-27 04:45:00+01:00,7882
2017-12-27 05:00:00+01:00,7986
2017-12-27 05:15:00+01:00,8129
2017-12-27 05:30:00+01:00,8261
2017-12-27 05:45:00+01:00,8348
2017-12-27 06:00:00+01:00,8623
2017-12-27 06:15:00+01:00,8782
2017-12-27 06:30:00+01:00,8904
2017-12-27 06:45:00+01:00,8986
2017-12-27 07:00:00+01:00,9038
2017-12-27 07:15:00+01:00,9161
2017-12-27 07:30:00+01:00,9360
2017-12-27 07:45:00+01:00,9488
2017-12-27 08:00:00+01:00,9693
2017-12-27 08:15:00+01:00,9849
2017-12-27 08:30:00+01:00,10002
2017-12-27 08:45:00+01:00,9916
2017-12-27 09:00:00+01:00,10066
2017-12-27 09:15:00+01:00,10221
2017-12-27 09:30:00+01:00,10260
2017-12-27 09:45:00+01:00,10373
2017-12-27 10:00:00+01:00,10427
2017-12-27 10:15:00+01:00,10456
2017-12-27 10:30:00+01:00,10339
2017-12-27 10:45:00+01:00,10404
2017-12-27 11:00:00+01:00,10394
2017-12-27 11:15:00+01:00,10395
2017-12-27 11:30:00+01:00,10445
2017-12-27 11:45:00+01:00,10341
2017-12-27 12:00:00+01:00,10641
2017-12-27 12:15:00+01:00,10587
2017-12-27 12:30:00+01:00,10455
2017-12-27 12:45:00+01:00,10374
2017-12-27 13:00:00+01:00,10330
2017-12-27 13:15:00+01:00,10459
2017-12-27 13:30:00+01:00,10517
2017-12-27 13:45:00+01:00,10451
2017-12-27 14:00:00+01:00,10418
2017-12-27 14:15:00+01:00,10452
2017-12-27 14:30:00+01:00,10514
2017-12-27 14:45:00+01:00,10452
2017-12-27 15:00:00+01:00,10496
2017-12-27 15:15:00+01:00,10362
2017-12-27 15:30:00+01:00,10160
2017-12-27 15:45:00+01:00,10191
2017-12-27 16:00:00+01:00,10513
2017-12-27 16:15:00+01:00,10611
2017-12-27 16:30:00+01:00,10765
2017-12-27 16:45:00+01:00,11048
2017-12-27 17:00:00+01:00,11138
2017-12-27 17:15:00+01:00,11305
2017-12-27 17:30:00+01:00,11225
2017-12-27 17:45:00+01:00,11245
2017-12-27 18:00:00+01:00,11270
2017-12-27 18:15:00+01:00,11046
2017-12-27 18:30:00+01:00,11012
2017-12-27 18:45:00+01:00,10968
2017-12-27 19:00:00+01:00,10657
2017-12-27 19:15:00+01:00,10450
2017-12-27 19:30:00+01:00,10275
2017-12-27 19:45:00+01:00,10157
2017-12-27 20:00:00+01:00,10056
2017-12-27 20:15:00+01:00,9900
2017-12-27 20:30:00+01:00,9798
2017-12-27 20:45:00+01:00,9763
2017-12-27 21:00:00+01:00,9661
2017-12-27 21:15:00+01:00,9465
2017-12-27 21:30:00+01:00,9363
2017-12-27 21:45:00+01:00,9309
2017-12-27 22:00:00+01:00,9591
2017-12-27 22:15:00+01:00,9736
2017-12-27 22:30:00+01:00,9787
2017-12-27 22:45:00+01:00,9843
2017-12-27 23:00:00+01:00,10074
2017-12-27 23:15:00+01:00,9878
2017-12-27 23:30:00+01:00,9696
2017-12-27 23:45:00+01:00,9567
2017-12-28 00:00:00+01:00,9389
2017-12-28 00:15:00+01:00,9269
2017-12-28 00:30:00+01:00,9077
2017-12-28 00:45:00+01:00,8886
2017-12-28 01:00:00+01:00,8835
2017-12-28 01:15:00+01:00,8643
2017-12-28 01:30:00+01:00,8518
2017-12-28 01:45:00+01:00,8437
2017-12-28 02:00:00+01:00,8496
2017-12-28 02:15:00+01:00,8427
2017-12-28 02:30:00+01:00,8336
2017-12-28 02:45:00+01:00,8339
2017-12-28 03:00:00+01:00,8243
2017-12-28 03:15:00+01:00,8074
2017-12-28 03:30:00+01:00,8088
2017-12-28 03:45:00+01:00,8070
2017-12-28 04:00:00+01:00,8261
2017-12-28 04:15:00+01:00,8238
2017-12-28 04:30:00+01:00,8240
2017-12-28 04:45:00+01:00,8355
2017-12-28 05:00:00+01:00,8479
2017-12-28 05:15:00+01:00,8556
2017-12-28 05:30:00+01:00,8603
2017-12-28 05:45:00+01:00,8763
2017-12-28 06:00:00+01:00,9036
2017-12-28 06:15:00+01:00,9249
2017-12-28 06:30:00+01:00,9464
2017-12-28 06:45:00+01:00,9674
2017-12-28 07:00:00+01:00,9612
2017-12-28 07:15:00+01:00,9722
2017-12-28 07:30:00+01:00,9857
2017-12-28 07:45:00+01:00,9945
2017-12-28 08:00:00+01:00,10117
2017-12-28 08:15:00+01:00,10261
2017-12-28 08:30:00+01:00,10246
2017-12-28 08:45:00+01:00,10230
2017-12-28 09:00:00+01:00,10430
2017-12-28 09:15:00+01:00,10582
2017-12-28 09:30:00+01:00,10647
2017-12-28 09:45:00+01:00,10628
2017-12-28 10:00:00+01:00,10592
2017-12-28 10:15:00+01:00,10543
2017-12-28 10:30:00+01:00,10538
2017-12-28 10:45:00+01:00,10646
2017-12-28 11:00:00+01:00,10654
2017-12-28 11:15:00+01:00,10646
2017-12-28 11:30:00+01:00,10626
2017-12-28 11:45:00+01:00,10679
2017-12-28 12:00:00+01:00,10680
2017-12-28 12:15:00+01:00,10564
2017-12-28 12:30:00+01:00,10511
2017-12-28 12:45:00+01:00,10521
2017-12-28 13:00:00+01:00,10487
2017-12-28 13:15:00+01:00,10397
2017-12-28 13:30:00+01:00,10320
2017-12-28 13:45:00+01:00,10284
2017-12-28 14:00:00+01:00,10241
2017-12-28 14:15:00+01:00,10216
2017-12-28 14:30:00+01:00,10205
2017-12-28 14:45:00+01:00,10179
2017-12-28 15:00:00+01:00,10308
2017-12-28 15:15:00+01:00,10297
2017-12-28 15:30:00+01:00,10360
2017-12-28 15:45:00+01:00,10406
2017-12-28 16:00:00+01:00,10383
2017-12-28 16:15:00+01:00,10425
2017-12-28 16:30:00+01:00,10473
2017-12-28 16:45:00+01:00,10652
2017-12-28 17:00:00+01:00,10998
2017-12-28 17:15:00+01:00,11141
2017-12-28 17:30:00+01:00,11291
2017-12-28 17:45:00+01:00,11419
2017-12-28 18:00:00+01:00,11381
2017-12-28 18:15:00+01:00,11284
2017-12-28 18:30:00+01:00,11220
2017-12-28 18:45:00+01:00,11155
2017-12-28 19:00:00+01:00,10959
2017-12-28 19:15:00+01:00,10825
2017-12-28 19:30:00+01:00,10740
2017-12-28 19:45:00+01:00,10555
2017-12-28 20:00:00+01:00,10448
2017-12-28 20:15:00+01:00,10289
2017-12-28 20:30:00+01:00,10202
2017-12-28 20:45:00+01:00,10089
2017-12-28 21:00:00+01:00,9963
2017-12-28 21:15:00+01:00,9921
2017-12-28 21:30:00+01:00,9845
2017-12-28 21:45:00+01:00,9733
2017-12-28 22:00:00+01:00,9936
2017-12-28 22:15:00+01:00,10041
2017-12-28 22:30:00+01:00,10076
2017-12-28 22:45:00+01:00,10079
2017-12-28 23:00:00+01:00,10203
2017-12-28 23:15:00+01:00,10212
2017-12-28 23:30:00+01:00,10082
2017-12-28 23:45:00+01:00,9973
2017-12-29 00:00:00+01:00,9848
2017-12-29 00:15:00+01:00,9699
2017-12-29 00:30:00+01:00,9532
2017-12-29 00:45:00+01:00,9336
2017-12-29 01:00:00+01:00,9261
2017-12-29 01:15:00+01:00,9213
2017-12-29 01:30:00+01:00,9103
2017-12-29 01:45:00+01:00,8964
2017-12-29 02:00:00+01:00,8965
2017-12-29 02:15:00+01:00,8864
2017-12-29 02:30:00+01:00,8784
2017-12-29 02:45:00+01:00,8738
2017-12-29 03:00:00+01:00,8614
2017-12-29 03:15:00+01:00,8553
2017-12-29 03:30:00+01:00,8488
2017-12-29 03:45:00+01:00,8494
2017-12-29 04:00:00+01:00,8450
2017-12-29 04:15:00+01:00,8389
2017-12-29 04:30:00+01:00,8455
2017-12-29 04:45:00+01:00,8483
2017-12-29 05:00:00+01:00,8552
2017-12-29 05:15:00+01:00,8612
2017-12-29 05:30:00+01:00,8785
2017-12-29 05:45:00+01:00,8962
2017-12-29 06:00:00+01:00,9053
2017-12-29 06:15:00+01:00,9128
2017-12-29 06:30:00+01:00,9302
2017-12-29 06:45:00+01:00,9366
2017-12-29 07:00:00+01:00,9361
2017-12-29 07:15:00+01:00,9429
2017-12-29 07:30:00+01:00,9695
2017-12-29 07:45:00+01:00,9828
2017-12-29 08:00:00+01:00,10085
2017-12-29 08:15:00+01:00,10254
2017-12-29 08:30:00+01:00,10330
2017-12-29 08:45:00+01:00,10360
2017-12-29 09:00:00+01:00,10551
2017-12-29 09:15:00+01:00,10561
2017-12-29 09:30:00+01:00,10551
2017-12-29 09:45:00+01:00,10617
2017-12-29 10:00:00+01:00,10676
2017-12-29 10:15:00+01:00,10731
2017-12-29 10:30:00+01:00,10817
2017-12-29 10:45:00+01:00,10827
2017-12-29 11:00:00+01:00,10876
2017-12-29 11:15:00+01:00,10959
2017-12-29 11:30:00+01:00,11010
2017-12-29 11:45:00+01:00,11046
2017-12-29 12:00:00+01:00,11048
2017-12-29 12:15:00+01:00,11024
2017-12-29 12:30:00+01:00,11034
2017-12-29 12:45:00+01:00,10992
2017-12-29 13:00:00+01:00,11001
2017-12-29 13:15:00+01:00,10985
2017-12-29 13:30:00+01:00,10907
2017-12-29 13:45:00+01:00,10862
2017-12-29 14:00:00+01:00,10712
2017-12-29 14:15:00+01:00,10675
2017-12-29 14:30:00+01:00,10591
2017-12-29 14:45:00+01:00,10602
2017-12-29 15:00:00+01:00,10548
2017-12-29 15:15:00+01:00,10511
2017-12-29 15:30:00+01:00,10564
2017-12-29 15:45:00+01:00,10594
2017-12-29 16:00:00+01:00,10537
2017-12-29 16:15:00+01:00,10560
2017-12-29 16:30:00+01:00,10631
2017-12-29 16:45:00+01:00,10723
2017-12-29 17:00:00+01:00,10903
2017-12-29 17:15:00+01:00,10979
2017-12-29 17:30:00+01:00,11058
2017-12-29 17:45:00+01:00,11107
2017-12-29 18:00:00+01:00,11004
2017-12-29 18:15:00+01:00,10979
2017-12-29 18:30:00+01:00,10806
2017-12-29 18:45:00+01:00,10709
2017-12-29 19:00:00+01:00,10661
2017-12-29 19:15:00+01:00,10508
2017-12-29 19:30:00+01:00,10468
2017-12-29 19:45:00+01:00,10247
2017-12-29 20:00:00+01:00,10122
2017-12-29 20:15:00+01:00,10077
2017-12-29 20:30:00+01:00,9926
2017-12-29 20:45:00+01:00,9820
2017-12-29 21:00:00+01:00,9583
2017-12-29 21:15:00+01:00,9557
2017-12-29 21:30:00+01:00,9497
2017-12-29 21:45:00+01:00,9450
2017-12-29 22:00:00+01:00,9573
2017-12-29 22:15:00+01:00,9690
2017-12-29 22:30:00+01:00,9760
2017-12-29 22:45:00+01:00,9730
2017-12-29 23:00:00+01:00,9839
2017-12-29 23:15:00+01:00,9832
2017-12-29 23:30:00+01:00,9656
2017-12-29 23:45:00+01:00,9503
2017-12-30 00:00:00+01:00,9472
2017-12-30 00:15:00+01:00,9356
2017-12-30 00:30:00+01:00,9256
2017-12-30 00:45:00+01:00,9091
2017-12-30 01:00:00+01:00,9022
2017-12-30 01:15:00+01:00,8837
2017-12-30 01:30:00+01:00,8818
2017-12-30 01:45:00+01:00,8812
2017-12-30 02:00:00+01:00,8703
2017-12-30 02:15:00+01:00,8622
2017-12-30 02:30:00+01:00,8316
2017-12-30 02:45:00+01:00,8219
2017-12-30 03:00:00+01:00,8114
2017-12-30 03:15:00+01:00,7798
2017-12-30 03:30:00+01:00,7861
2017-12-30 03:45:00+01:00,7839
2017-12-30 04:00:00+01:00,8099
2017-12-30 04:15:00+01:00,7863
2017-12-30 04:30:00+01:00,7821
2017-12-30 04:45:00+01:00,7954
2017-12-30 05:00:00+01:00,8002
2017-12-30 05:15:00+01:00,7968
2017-12-30 05:30:00+01:00,8016
2017-12-30 05:45:00+01:00,8032
2017-12-30 06:00:00+01:00,8122
2017-12-30 06:15:00+01:00,8144
2017-12-30 06:30:00+01:00,8150
2017-12-30 06:45:00+01:00,8142
2017-12-30 07:00:00+01:00,8154
2017-12-30 07:15:00+01:00,8214
2017-12-30 07:30:00+01:00,8293
2017-12-30 07:45:00+01:00,8415
2017-12-30 08:00:00+01:00,8541
2017-12-30 08:15:00+01:00,8781
2017-12-30 08:30:00+01:00,8859
2017-12-30 08:45:00+01:00,8866
2017-12-30 09:00:00+01:00,9042
2017-12-30 09:15:00+01:00,9177
2017-12-30 09:30:00+01:00,9370
2017-12-30 09:45:00+01:00,9493
2017-12-30 10:00:00+01:00,9586
2017-12-30 10:15:00+01:00,9659
2017-12-30 10:30:00+01:00,9655
2017-12-30 10:45:00+01:00,9668
2017-12-30 11:00:00+01:00,9612
2017-12-30 11:15:00+01:00,9651
2017-12-30 11:30:00+01:00,9753
2017-12-30 11:45:00+01:00,9822
2017-12-30 12:00:00+01:00,9791
2017-12-30 12:15:00+01:00,9758
2017-12-30 12:30:00+01:00,9688
2017-12-30 12:45:00+01:00,9688
2017-12-30 13:00:00+01:00,9733
2017-12-30 13:15:00+01:00,9658
2017-12-30 13:30:00+01:00,9620
2017-12-30 13:45:00+01:00,9575
2017-12-30 14:00:00+01:00,9535
2017-12-30 14:15:00+01:00,9510
2017-12-30 14:30:00+01:00,9465
2017-12-30 14:45:00+01:00,9447
2017-12-30 15:00:00+01:00,9481
2017-12-30 15:15:00+01:00,9411
2017-12-30 15:30:00+01:00,9461
2017-12-30 15:45:00+01:00,9469
2017-12-30 16:00:00+01:00,9412
2017-12-30 16:15:00+01:00,9454
2017-12-30 16:30:00+01:00,9505
2017-12-30 16:45:00+01:00,9698
2017-12-30 17:00:00+01:00,9857
2017-12-30 17:15:00+01:00,10078
2017-12-30 17:30:00+01:00,10153
2017-12-30 17:45:00+01:00,10200
2017-12-30 18:00:00+01:00,10176
2017-12-30 18:15:00+01:00,10153
2017-12-30 18:30:00+01:00,10154
2017-12-30 18:45:00+01:00,10057
2017-12-30 19:00:00+01:00,10006
2017-12-30 19:15:00+01:00,9932
2017-12-30 19:30:00+01:00,9924
2017-12-30 19:45:00+01:00,9810
2017-12-30 20:00:00+01:00,9665
2017-12-30 20:15:00+01:00,9533
2017-12-30 20:30:00+01:00,9408
2017-12-30 20:45:00+01:00,9232
2017-12-30 21:00:00+01:00,9059
2017-12-30 21:15:00+01:00,9008
2017-12-30 21:30:00+01:00,8964
2017-12-30 21:45:00+01:00,8767
2017-12-30 22:00:00+01:00,8938
2017-12-30 22:15:00+01:00,9134
2017-12-30 22:30:00+01:00,9219
2017-12-30 22:45:00+01:00,9210
2017-12-30 23:00:00+01:00,9356
2017-12-30 23:15:00+01:00,9351
2017-12-30 23:30:00+01:00,9144
2017-12-30 23:45:00+01:00,9042
2017-12-31 00:00:00+01:00,8777
2017-12-31 00:15:00+01:00,8630
2017-12-31 00:30:00+01:00,8690
2017-12-31 00:45:00+01:00,8689
2017-12-31 01:00:00+01:00,8443
2017-12-31 01:15:00+01:00,8301
2017-12-31 01:30:00+01:00,8254
2017-12-31 01:45:00+01:00,7999
2017-12-31 02:00:00+01:00,7768
2017-12-31 02:15:00+01:00,7533
2017-12-31 02:30:00+01:00,7557
2017-12-31 02:45:00+01:00,7540
2017-12-31 03:00:00+01:00,7474
2017-12-31 03:15:00+01:00,7172
2017-12-31 03:30:00+01:00,7078
2017-12-31 03:45:00+01:00,7160
2017-12-31 04:00:00+01:00,7180
2017-12-31 04:15:00+01:00,7173
2017-12-31 04:30:00+01:00,7166
2017-12-31 04:45:00+01:00,7192
2017-12-31 05:00:00+01:00,7220
2017-12-31 05:15:00+01:00,7228
2017-12-31 05:30:00+01:00,7282
2017-12-31 05:45:00+01:00,7318
2017-12-31 06:00:00+01:00,7374
2017-12-31 06:15:00+01:00,7456
2017-12-31 06:30:00+01:00,7512
2017-12-31 06:45:00+01:00,7521
2017-12-31 07:00:00+01:00,7480
2017-12-31 07:15:00+01:00,7523
2017-12-31 07:30:00+01:00,7626
2017-12-31 07:45:00+01:00,7726
2017-12-31 08:00:00+01:00,7873
2017-12-31 08:15:00+01:00,8069
2017-12-31 08:30:00+01:00,8078
2017-12-31 08:45:00+01:00,8120
2017-12-31 09:00:00+01:00,8263
2017-12-31 09:15:00+01:00,8392
2017-12-31 09:30:00+01:00,8566
2017-12-31 09:45:00+01:00,8657
2017-12-31 10:00:00+01:00,8792
2017-12-31 10:15:00+01:00,8884
2017-12-31 10:30:00+01:00,8942
2017-12-31 10:45:00+01:00,8979
2017-12-31 11:00:00+01:00,8995
2017-12-31 11:15:00+01:00,9083
2017-12-31 11:30:00+01:00,9192
2017-12-31 11:45:00+01:00,9227
2017-12-31 12:00:00+01:00,9283
2017-12-31 12:15:00+01:00,9290
2017-12-31 12:30:00+01:00,9357
2017-12-31 12:45:00+01:00,9329
2017-12-31 13:00:00+01:00,9337
2017-12-31 13:15:00+01:00,9274
2017-12-31 13:30:00+01:00,9313
2017-12-31 13:45:00+01:00,9311
2017-12-31 14:00:00+01:00,9315
2017-12-31 14:15:00+01:00,9304
2017-12-31 14:30:00+01:00,9308
2017-12-31 14:45:00+01:00,9308
2017-12-31 15:00:00+01:00,9443
2017-12-31 15:15:00+01:00,9433
2017-12-31 15:30:00+01:00,9519
2017-12-31 15:45:00+01:00,9574
2017-12-31 16:00:00+01:00,9469
2017-12-31 16:15:00+01:00,9552
2017-12-31 16:30:00+01:00,9682
2017-12-31 16:45:00+01:00,9868
2017-12-31 17:00:00+01:00,9925
2017-12-31 17:15:00+01:00,9989
2017-12-31 17:30:00+01:00,9969
2017-12-31 17:45:00+01:00,9940
2017-12-31 18:00:00+01:00,9791
2017-12-31 18:15:00+01:00,9627
2017-12-31 18:30:00+01:00,9462
2017-12-31 18:45:00+01:00,9471
2017-12-31 19:00:00+01:00,9397
2017-12-31 19:15:00+01:00,9282
2017-12-31 19:30:00+01:00,9188
2017-12-31 19:45:00+01:00,9085
2017-12-31 20:00:00+01:00,9014
2017-12-31 20:15:00+01:00,8944
2017-12-31 20:30:00+01:00,8899
2017-12-31 20:45:00+01:00,8818
2017-12-31 21:00:00+01:00,8687
2017-12-31 21:15:00+01:00,8699
2017-12-31 21:30:00+01:00,8607
2017-12-31 21:45:00+01:00,8512
2017-12-31 22:00:00+01:00,8622
2017-12-31 22:15:00+01:00,8775
2017-12-31 22:30:00+01:00,8849
2017-12-31 22:45:00+01:00,8842
2017-12-31 23:00:00+01:00,9082
2017-12-31 23:15:00+01:00,9049
2017-12-31 23:30:00+01:00,9002
2017-12-31 23:45:00+01:00,8817
